drug,Smile
DEXTROMETHORPHAN,COc1ccc2C[C@H]3[C@H]4CCCC[C@@]4(CCN3C)c2c1
METHYLCURCUMIN,CCOc1cc(\C=C\C(=O)CC(=O)\C=C\c2ccc(O)c(OC)c2)ccc1O
ALOE-EMODIN,OCc1cc(O)c2C(=O)c3c(O)cccc3C(=O)c2c1
PHA-665752,Cc1[nH]c(\C=C2/C(=O)Nc3ccc(cc23)[S](=O)(=O)Cc4c(Cl)cccc4Cl)c(C)c1C(=O)N5CCC[C@@H]5CN6CCCC6
PKI-166,C[C@@H](Nc1ncnc2[nH]c(cc12)c3ccc(O)cc3)c4ccccc4
FALNIDAMOL,CN1CCC(CC1)Nc2ncc3ncnc(Nc4ccc(F)c(Cl)c4)c3n2
YUANHUADINE,CCCCC/C=C/C=C/[C@]12O[C@@H]3[C@@H]4[C@@H]5O[C@]5(CO)[C@@H](O)[C@@]6(O)[C@@H](C=C(C)C6=O)[C@@]4(O1)[C@H](C)[C@@H](OC(C)=O)[C@@]3(O2)C(C)=C
CANERTINIB,Fc1ccc(Nc2ncnc3cc(OCCCN4CCOCC4)c(NC(=O)C=C)cc23)cc1Cl
DIMETHYLCURCUMIN,COc1cc(/C=C/C(=O)CC(=O)/C=C/c2ccc(O)c(OC(C)C)c2)ccc1O
NITROGLYCERIN,[O-][N+](=O)OCC(CO[N+]([O-])=O)O[N+]([O-])=O
TRICHLOROETHYLENE,ClC=C(Cl)Cl
CLINDAMYCIN,CCC[C@@H]1C[C@H](N(C)C1)C(=O)NC(C(C)Cl)[C@H]2O[C@H](SC)[C@H](O)[C@@H](O)[C@H]2O
CARBIMAZOLE,CCOC(=O)N1C=CN(C)C1=S
FOSPHENYTOIN,O[P](O)(=O)OCN1C(=O)NC(C1=O)(c2ccccc2)c3ccccc3
TICLOPIDINE,[H+].[Cl-].Clc1ccccc1CN2CCc3sccc3C2
CANALINE,NOCC[C@H](N)C(O)=O
GABACULINE,NC1CC(=CC=C1)C(O)=O
AMOXAPINE,Clc1ccc2Oc3ccccc3N=C(N4CCNCC4)c2c1
FURAZOLIDONE,[O-][N+](=O)c1oc(cc1)\C=N\N2CCOC2=O
TRIACETYLRESVERATROL,CC(=O)Oc1c(C(C)=O)c(O)cc(C=Cc2ccc(O)cc2)c1C(C)=O
CLOFOCTOL,CC(C)(C)CC(C)(C)c1ccc(O)c(Cc2ccc(Cl)cc2Cl)c1
OLVANIL,CCCCCCCC/C=C/CCCCCCCC(=O)NCc1ccc(O)c(OC)c1
PROPARGITE,CC(C)(C)c1ccc(OC2CCCCC2O[S](=O)OCC#C)cc1
CHLORFENAPYR,CCOCn1c(c2ccc(Cl)cc2)c(C#N)c(Br)c1C(F)(F)F
BENOMYL,CCCCNC(=O)n1c(NC(=O)OC)nc2ccccc12
TRACAZOLATE,CCCCNc1c2cnn(CC)c2nc(C)c1C(=O)OCC
MAPROTILINE,CNCCCC12CCC(c3ccccc13)c4ccccc24
VANOXERINE,[H+].[H+].[Cl-].[Cl-].Fc1ccc(cc1)C(OCCN2CCN(CCCc3ccccc3)CC2)c4ccc(F)cc4
TRIFLOXYSTROBIN,CO\N=C(C(=O)OC)/c1ccccc1CO\N=C(/C)c2cccc(c2)C(F)(F)F
VESNARINONE,COc1ccc(cc1OC)C(=O)N2CCN(CC2)c3ccc4NC(=O)CCc4c3
DINOSEB,CCC(C)c1cc(cc(c1O)[N+]([O-])=O)[N+]([O-])=O
N6-BENZYLADENOSINE,OC[C@H]1O[C@H]([C@H](O)[C@@H]1O)n2cnc3c(NCc4ccccc4)ncnc23
TRIFLUPROMAZINE,CN(C)CCCN1c2ccccc2Sc3ccc(cc13)C(F)(F)F
CYAZOFAMID,CN(C)[S](=O)(=O)n1c(nc(Cl)c1c2ccc(C)cc2)C#N
NIGULDIPINE,COC(=O)C1=C(C)NC(=C(C1c2cccc(c2)[N+]([O-])=O)C(=O)OCCCN3CCC(CC3)(c4ccccc4)c5ccccc5)C
ACEQUINOCYL,CCCCCCCCCCCCC1=C(OC(C)=O)C(=O)c2ccccc2C1=O
CAMPTOSAR,[Cl-].CCc1c2CN3C(=O)C4=C(C=C3c2nc5ccc(OC(=O)N6CCC(CC6)N7CCCCC7)cc15)[C@@](O)(CC)C(=O)OC4.[H+]
CHLOROTHALONIL,Clc1c(Cl)c(C#N)c(Cl)c(C#N)c1Cl
KRESOXIM-METHYL,CO\N=C(C(=O)OC)/c1ccccc1COc2ccccc2C
TRICLOCARBAN,Clc1ccc(NC(=O)Nc2ccc(Cl)c(Cl)c2)cc1
IOXYNIL,Oc1c(I)cc(cc1I)C#N
NEBULARINE,OC[C@H]1O[C@H]([C@H](O)[C@@H]1O)n2cnc3cncnc23
FLAVANONE,O=C1CC(Oc2ccccc12)c3ccccc3
CARBENDAZIM,COC(=O)Nc1[nH]c2ccccc2n1
PYRACLOSTROBIN,CON(C(=O)OC)c1ccccc1COc2ccn(n2)c3ccc(Cl)cc3
NUTLIN-3,COc1ccc(c(OC(C)C)c1)C2=NC(C(N2C(=O)N3CCNC(=O)C3)c4ccc(Cl)cc4)c5ccc(Cl)cc5
4-ISOTHIOUREIDOBUTYRONITRILE,SC(=N)NCCCC#N
ASTEMIZOLE,COc1ccc(CCN2CCC(CC2)Nc3nc4ccccc4n3Cc5ccc(F)cc5)cc1
MITOMYCIN,CO[C@@]12[C@H](COC(N)=O)C3=C(N1C[C@@H]4N[C@H]24)C(=O)C(=C(N)C3=O)C
PROPYLTHIOURACIL,CCCN1C(=O)C=CNC1=S
PRAMLINTIDE,CC[C@H](C)[C@H](NC(=O)[C@@H]1CCCN1C(=O)CNC(=O)[C@H](Cc2ccccc2)NC(=O)[C@H](CC(N)=O)NC(=O)[C@H](CC(N)=O)NC(=O)[C@H](CO)NC(=O)[C@H](CO)NC(=O)[C@H](Cc3[nH]cnc3)NC(=O)[C@@H](NC(=O)[C@H](CC(C)C)NC(=O)[C@H](Cc4ccccc4)NC(=O)[C@H](CC(N)=O)NC(=O)[C@H](C)NC(=O)[C@H](CC(C)C)NC(=O)[C@H](CCCNC(N)=N)NC(=O)[C@H](CCC(N)=O)NC(=O)[C@@H](NC(=O)[C@H](C)NC(=O)[C@H](CS)NC(=O)[C@@H](NC(=O)[C@H](C)NC(=O)[C@@H](NC(=O)[C@H](CC(N)=O)NC(=O)[C@H](CS)NC(=O)[C@@H](N)CCCCN)[C@@H](C)O)[C@@H](C)O)[C@@H](C)O)C(C)C)C(=O)N[C@@H](CC(C)C)C(=O)N5CCC[C@H]5C(=O)N6CCC[C@H]6C(=O)N[C@@H]([C@@H](C)O)C(=O)N[C@@H](CC(N)=O)C(=O)N[C@@H](C(C)C)C(=O)NCC(=O)N[C@@H](CO)C(=O)N[C@@H](CC(N)=O)C(=O)N[C@@H]([C@@H](C)O)C(=O)N[C@@H](Cc7ccc(O)cc7)C(N)=O
OLEAMIDE,CCCCCCCC\C=C/CCCCCCCC(N)=O
"DIBENZ[A,H]ANTHRACENE",c1ccc2c(c1)ccc3cc4c(ccc5ccccc45)cc23
CHLORAMBUCIL,OC(=O)CCCc1ccc(cc1)N(CCCl)CCCl
GRANISETRON,CN1[C@H]2CCC[C@@H]1CC(C2)NC(=O)c3nn(C)c4ccccc34
GLUTARAL,O=CCCCC=O
TEBUFENPYRAD,CCc1nn(C)c(C(=O)NCc2ccc(cc2)C(C)(C)C)c1Cl
BUFOTENINE,CN(C)CCc1c[nH]c2ccc(O)cc12
CRIDANIMOD,OC(=O)CN1c2ccccc2C(=O)c3ccccc13
RHAMNETIN,COc1cc(O)c2C(=O)C(=C(Oc2c1)c3ccc(O)c(O)c3)O
ALPHA-TERTHIENYL,s1cccc1c2sc(cc2)c3sccc3
FEPRAZONE,CC(C)=CCC1C(=O)N(N(C1=O)c2ccccc2)c3ccccc3
CYROMAZINE,Nc1nc(N)nc(NC2CC2)n1
E-GUGGULSTERONE,C\C=C/1C(=O)C[C@H]2[C@@H]3CCC4=CC(=O)CC[C@]4(C)[C@H]3CC[C@]12C
CYCLOFENIL,CC(=O)Oc1ccc(cc1)[C](=[C]2CC[CH2]CC2)c3ccc(OC(C)=O)cc3
BENZENETHIOL,Sc1ccccc1
EPLERENONE,COC(=O)[C@@H]1CC2=CC(=O)CC[C@]2(C)[C@@]34O[C@@H]3C[C@@]5(C)[C@@H](CC[C@@]56CCC(=O)O6)[C@H]14
POTASSIUM,[K]
BRETYLIUM,CC[N+](C)(C)Cc1ccccc1Br
CICLOPIROX,CC1=CC(=O)N(O)C(=C1)C2CCCCC2.NCCO
TRICHLORMETHIAZIDE,N[S](=O)(=O)c1cc2c(NC(N[S]2(=O)=O)C(Cl)Cl)cc1Cl
LUMEFANTRINE,CCCCN(CCCC)CC(O)c1cc(Cl)cc2\C(=C\c3ccc(Cl)cc3)c4cc(Cl)ccc4c12
ALMITRINE,Fc1ccc(cc1)C(N2CCN(CC2)c3nc(NCC=C)nc(NCC=C)n3)c4ccc(F)cc4
ARTEMETHER,CO[C@H]1O[C@@H]2O[C@@]3(C)CC[C@H]4[C@H](C)CC[C@@H]([C@H]1C)[C@@]24OO3
FIRATEGRAST,CCOCc1cc(OC)c(c(OC)c1)c2ccc(C[C@H](NC(=O)c3c(F)cccc3F)C(O)=O)cc2
BOHEMINE,CC(C)n1cnc2c(NCc3ccccc3)nc(NCCCO)nc12
BMS-345541,[Cl-].Cc1ccc2nc(NCCN)c3ncc(C)n3c2c1.[H+]
AG-24322,CCNCc1cncc(c1C)c2ccc3NNC(=C/4N=C5C=C(F)C=C(F)C5=N4)/c3c2
QUERCITRIN,C[C@@H]1O[C@@H](OC2=C(Oc3cc(O)cc(O)c3C2=O)c4ccc(O)c(O)c4)[C@H](O)[C@H](O)[C@H]1O
RIBOSTAMYCIN,NC[C@H]1O[C@H](O[C@@H]2[C@@H](N)C[C@@H](N)[C@H](O)[C@H]2O[C@@H]3O[C@H](CO)[C@@H](O)[C@H]3O)[C@H](N)[C@@H](O)[C@@H]1O
LIQUIRITIN,OC[C@H]1O[C@@H](Oc2ccc(cc2)C3CC(=O)c4ccc(O)cc4O3)[C@H](O)[C@@H](O)[C@@H]1O
ASTRAGALIN,OC[C@H]1O[C@@H](OC2=C(Oc3cc(O)cc(O)c3C2=O)c4ccc(O)cc4)[C@H](O)[C@@H](O)[C@@H]1O
GABEXATE,CCOC(=O)c1ccc(OC(=O)CCCCCN=C(N)N)cc1
LEPIRUDIN,CC[C@H](C)[C@H](NC(=O)[C@H](CS)NC(=O)[C@H](CCCCN)NC(=O)[C@H](CC(N)=O)NC(=O)CNC(=O)[C@H](CCC(N)=O)NC(=O)CNC(=O)[C@H](CS)NC(=O)[C@@H](NC(=O)[C@H](CC(N)=O)NC(=O)[C@H](CO)NC(=O)CNC(=O)[C@H](CCC(O)=O)NC(=O)[C@H](CS)NC(=O)[C@H](CC(C)C)NC(=O)[C@H](CS)NC(=O)[C@H](CC(C)C)NC(=O)[C@H](CC(N)=O)NC(=O)[C@H](CCC(N)=O)NC(=O)CNC(=O)[C@H](CO)NC(=O)[C@H](CCC(O)=O)NC(=O)[C@@H](NC(=O)[C@H](CS)NC(=O)[C@H](CC(O)=O)NC(=O)[C@@H](NC(=O)[C@H](Cc1ccc(O)cc1)NC(=O)[C@@H](NC(=O)[C@@H](N)CC(C)C)[C@@H](C)O)[C@@H](C)O)[C@@H](C)O)C(C)C)C(=O)N[C@@H](CC(C)C)C(=O)NCC(=O)N[C@@H](CO)C(=O)N[C@@H](CC(O)=O)C(=O)NCC(=O)N[C@@H](CCC(O)=O)C(=O)N[C@@H](CCCCN)C(=O)N[C@@H](CC(N)=O)C(=O)N[C@@H](CCC(N)=O)C(=O)N[C@@H](CS)C(=O)N[C@@H](C(C)C)C(=O)N[C@@H]([C@@H](C)O)C(=O)NCC(=O)N[C@@H](CCC(O)=O)C(=O)NCC(=O)N[C@@H]([C@@H](C)O)C(=O)N2CCC[C@H]2C(=O)N[C@@H](CCCCN)C(=O)N3CCC[C@H]3C(=O)N[C@@H](CCC(N)=O)C(=O)N[C@@H](CO)C(=O)N[C@@H](Cc4[nH]cnc4)C(=O)N[C@@H](CC(N)=O)C(=O)N[C@@H](CC(O)=O)C(=O)NCC(=O)N[C@@H](CC(O)=O)C(=O)N[C@@H](Cc5ccccc5)C(=O)N[C@@H](CCC(O)=O)C(=O)N[C@@H](CCC(O)=O)C(=O)N[C@@H]([C@@H](C)CC)C(=O)N6CCC[C@H]6C(=O)N[C@@H](CCC(O)=O)C(=O)N[C@@H](CCC(O)=O)C(=O)N[C@@H](Cc7ccc(O)cc7)C(=O)N[C@@H](CC(C)C)C(=O)N[C@@H](CCC(N)=O)C(O)=O
RANOLAZINE,COc1ccccc1OCC(O)CN2CCN(CC2)CC(=O)Nc3c(C)cccc3C
NORETHINDRONE,C[C@]12CC[C@H]3[C@@H](CCC4=CC(=O)CC[C@H]34)[C@@H]1CC[C@@]2(O)C#C
DANAZOL,C[C@]12Cc3cnoc3C=C1CC[C@@H]4[C@@H]2CC[C@@]5(C)[C@H]4CC[C@@]5(O)C#C
NYSTATIN,CC1OC(=O)CC(O)CC(O)CC(O)CCC(O)C(O)CC(=O)CC(O)C(C(O)CC(OC2O[C@H](C)[C@@H](O)[C@H](N)[C@@H]2O)\C=C\C=C\C=C\C=C\CC/C=C/C=C/C(C)C(O)C1C)C(O)=O
MILATAXEL,CCC(=O)O[C@H]1C[C@H]2OC[C@@]2(OC(C)=O)[C@H]3[C@H](OC(=O)c4ccccc4)[C@]5(O)C[C@H](OC(=O)[C@H](O)[C@@H](NC(=O)OC(C)(C)C)c6occc6)C(=C([C@@H](O)C(=O)[C@]13C)C5(C)C)C
VINDESINE,CC[C@]1(O)C[C@H]2CN(CCc3c([nH]c4ccccc34)[C@@](C2)(C(=O)OC)c5cc6c(cc5OC)N(C)[C@H]7[C@](O)([C@H](O)[C@]8(CC)C=CCN9CC[C@]67[C@H]89)C(N)=O)C1
BATABULIN,COc1ccc(N[S](=O)(=O)c2c(F)c(F)c(F)c(F)c2F)cc1F
SIMOTAXEL,CC(C)OC(=O)N[C@H]([C@@H](O)C(=O)O[C@H]1C[C@@]2(O)[C@@H](OC(=O)c3ccccc3)C4[C@@](C)([C@@H](O)C[C@H]5OC[C@@]45OC(C)=O)C(=O)[C@H](OC(=O)C6CCCC6)C(=C1C)C2(C)C)c7sccc7
ROSABULIN,Cc1cc(NC(=O)C(=O)c2cc(Cc3ccc(cc3)C#N)n4ccccc24)sn1
HALOFUGINONE,[Br-].O[C@@H]1CCCN[C@H]1CC(=O)CN2C=Nc3cc(Br)c(Cl)cc3C2=O.[H+]
TOTAROL,CC(C)c1c(O)ccc2c1CC[C@H]3C(C)(C)CCC[C@]23C
OLEOYLETHANOLAMIDE,CCCCCCCC\C=C/CCCCCCCC(=O)NCCO
POMIFERIN,CC(C)=CCc1c(O)c2C(=O)C(=COc2c3C=CC(C)(C)Oc13)c4ccc(O)c(O)c4
NITROXOLINE,Oc1ccc(c2cccnc12)[N+]([O-])=O
TRICLOSAN,Oc1cc(Cl)ccc1Oc2ccc(Cl)cc2Cl
TERCONAZOLE,CC(C)N1CCN(CC1)c2ccc(OC[C@H]3CO[C@@](Cn4cncn4)(O3)c5ccc(Cl)cc5Cl)cc2
PROPICONAZOLE,CCCC1COC(Cn2cncn2)(O1)c3ccc(Cl)cc3Cl
NEDOCROMIL,CCCc1c2OC(=CC(=O)c2cc3C(=O)C=C(N(CC)c13)C(O)=O)C(O)=O
MICONAZOLE,Clc1ccc(COC(Cn2ccnc2)c3ccc(Cl)cc3Cl)c(Cl)c1
TRIADIMENOL,CC(C)(C)C(O)C(Oc1ccc(Cl)cc1)n2cncn2
NANAOMYCIN,CC1OC(CC(O)=O)CC2=C1C(=O)c3c(O)cccc3C2=O
TRICLABENDAZOLE,CSc1[nH]c2cc(Cl)c(Oc3cccc(Cl)c3Cl)cc2n1
SCLEROTIORIN,CC[C@H](C)/C=C(C)/C=C/C1=CC2=C(Cl)C(=O)[C@](C)(OC(C)=O)C(=O)C2=CO1
KEPONE,ClC1(Cl)C2(Cl)C3(Cl)C4(Cl)C(=O)C5(Cl)C3(Cl)C1(Cl)C5(Cl)C24Cl
EUPAFOLIN,COc1c(O)cc2OC(=CC(=O)c2c1O)c3ccc(O)c(O)c3
4-METHYLDAPHNETIN,CC1=CC(=O)Oc2c(O)c(O)ccc12
THAPSIGARGIN,CCCCCCCC(=O)O[C@@H]1[C@@H](OC(=O)C(/C)=C\C)C(=C2[C@@H]3OC(=O)[C@@](C)(O)[C@@]3(O)[C@H](C[C@](C)(OC(C)=O)[C@@H]12)OC(=O)CCC)C
CHLORQUINALDOL,Cc1ccc2c(Cl)cc(Cl)c(O)c2n1
MIANSERIN,CN1CCN2C(C1)c3ccccc3Cc4ccccc24
NORGESTREL,CC[C@]12CC[C@H]3[C@@H](CCC4=CC(=O)CC[C@H]34)[C@@H]1CC[C@@]2(O)C#C
STROBOPININ,Cc1c(O)cc2O[C@@H](CC(=O)c2c1O)c3ccccc3
BUPIVACAINE,CCCCN1CCCCC1C(=O)Nc2c(C)cccc2C
CARBOXYMETHYLCELLULOSE,[Na].CC(O)=O.OCC(O)C(O)C(O)C(O)C=O
THYMIDINE,CC1=CN([C@H]2C[C@H](O)[C@@H](CO)O2)C(=O)NC1=O
GLUFOSFAMIDE,OC[C@H]1O[C@@H](O[P](=O)(NCCCl)NCCCl)[C@H](O)[C@@H](O)[C@@H]1O
LIOTHYRONINE,O.[Na+].N[C@@H](Cc1cc(I)c(Oc2ccc(O)c(I)c2)c(I)c1)C([O-])=O
PENTOXIFYLLINE,Cn1cnc2N(C)C(=O)N(CCCCC(C)=O)C(=O)c12
LACTIMIDOMYCIN,CC1\C=C/C=C\CC\C=C/C(=O)OC1C(/C)=C\C(C)C(=O)CC(O)CC2CC(=O)NC(=O)C2
SAFIRONIL,COCCCNC(=O)c1ccnc(c1)C(=O)NCCCOC
LUFIRONIL,COCCNC(=O)c1ccnc(c1)C(=O)NCCOC
TT-232,C[C@@H](O)[C@H](NC(=O)[C@@H]1CSSC[C@H](NC(=O)[C@H](N)Cc2ccccc2)C(=O)N[C@@H](Cc3ccc(O)cc3)C(=O)NC(Cc4c[nH]c5ccccc45)C(=O)N[C@@H](CCCCN)C(=O)N1)C(N)=O
GALLOPAMIL,COc1ccc(CCN(C)CCCC(C#N)(C(C)C)c2cc(OC)c(OC)c(OC)c2)cc1OC
BENZTROPINE,CN1C2CCC1CC(C2)OC(c3ccccc3)c4ccccc4.O[S](O)(=O)=O
MODAFINIL,NC(=O)C[S](=O)C(c1ccccc1)c2ccccc2
FENTANYL,CCC(=O)N(C1CCN(CC1)CCc2ccccc2)c3ccccc3
REMIFENTANIL,CCC(=O)N(c1ccccc1)C2(CCN(CCC(=O)OC)CC2)C(=O)OC
TRIHEXYPHENIDYL,OC(CCN1CCCCC1)(C2CCCCC2)c3ccccc3
QUETIAPINE,OCCOCCN1CCN(CC1)C2=Nc3ccccc3Sc4ccccc24
SUFENTANIL,CCC(=O)N(c1ccccc1)C2(CCN(CCc3sccc3)CC2)COC
SUMATRIPTAN,CN[S](=O)(=O)Cc1ccc2[nH]cc(CCN(C)C)c2c1
OXYCODONE,COc1ccc2C[C@H]3N(C)CC[C@@]45[C@@H](Oc1c24)C(=O)CC[C@@]35O
ENTACAPONE,CCN(CC)C(=O)/C(=C/c1cc(O)c(O)c(c1)[N+]([O-])=O)C#N
TOLCAPONE,Cc1ccc(cc1)C(=O)c2cc(O)c(O)c(c2)[N+]([O-])=O
FLUVOXAMINE,COCCCC\C(=N/OCCN)c1ccc(cc1)C(F)(F)F.OC(=O)\C=C/C(O)=O
ZIDOVUDINE,CC1=CN([C@H]2C[C@H](N=[N+]=[N-])[C@@H](CO)O2)C(=O)NC1=O
TRICETAMIDE,CCN(CC)C(=O)CNC(=O)c1cc(OC)c(OC)c(OC)c1
COTININE,CN1C(CCC1=O)c2cccnc2
ISOLEUCINE,CC[C@H](C)[C@H](N)C(O)=O
ISPINESIB,CC(C)[C@@H](N(CCCN)C(=O)c1ccc(C)cc1)C2=Nc3cc(Cl)ccc3C(=O)N2Cc4ccccc4
S-TRITYL-L-CYSTEINE,N[C@@H](CSC(c1ccccc1)(c2ccccc2)c3ccccc3)C(O)=O
SPARSOMYCIN,CSC[S](=O)CC(CO)NC(=O)/C=C/C1=C(C)NC(=O)NC1=O
OXIBENDAZOLE,CCCOc1ccc2nc(NC(=O)OC)[nH]c2c1
"1,3-PROPANEDIOL",OCCCO
GLYCERIN,OCC(O)CO
MIGLUSTAT,CCCCN1C[C@H](O)[C@@H](O)[C@H](O)[C@H]1CO
MIGLITOL,OCCN1C[C@H](O)[C@@H](O)[C@H](O)[C@H]1CO
DEOXYVASICINONE,O=C1N2CCCC2=Nc3ccccc13
OXOPURPUREINE,COc1cc2C(=O)c3nccc4c(OC)c(OC)c(OC)c(c2cc1OC)c34
TARENFLURBIL,C[C@@H](C(O)=O)c1ccc(c(F)c1)c2ccccc2
LEUCINE,CC(C)C[C@H](N)C(O)=O
FLUORESCIN,OC(=O)c1ccccc1C2c3ccc(O)cc3Oc4cc(O)ccc24
ACETALDEHYDE,CC=O
CROTONALDEHYDE,C/C=C/C=O
PRUNETIN,COc1cc(O)c2C(=O)C(=COc2c1)c3ccc(O)cc3
PICOPLATIN,N.[Cl-].[Cl-].[Pt++].Cc1ccccn1
ENOXOLONE,CC1(C)[C@@H](O)CC[C@@]2(C)[C@H]1CC[C@]3(C)[C@@H]2C(=O)C=C4[C@@H]5C[C@](C)(CC[C@]5(C)CC[C@@]34C)C(O)=O
LONAFARNIB,NC(=O)N1CCC(CC1)CC(=O)N2CCC(CC2)[C@H]3c4ncc(Br)cc4CCc5cc(Cl)cc(Br)c35
SALIRASIB,CC(C)=CCC\C(C)=C\CC/C(C)=C/CSc1ccccc1C(O)=O
SINCALIDE,CSCCC(NC(=O)C(Cc1ccc(O[S](O)(=O)=O)cc1)NC(=O)C(N)CC(O)=O)C(=O)NCC(=O)NC(Cc2c[nH]c3ccccc23)C(=O)NC(CCSC)C(=O)NC(CC(O)=O)C(=O)NC(Cc4ccccc4)C(N)=O
BUDESONIDE,CCCC1O[C@@H]2C[C@H]3[C@@H]4CCC5=CC(=O)C=C[C@]5(C)[C@H]4[C@@H](O)C[C@]3(C)[C@@]2(O1)C(=O)CO
WESTCORT,CCCCC(=O)O[C@@]1(CCC2C3CCC4=CC(=O)CCC4(C)C3C(O)CC12C)C(=O)CO
LOCOID,CCCC(=O)O[C@@]1(CC[C@H]2[C@@H]3CCC4=CC(=O)CC[C@]4(C)[C@H]3[C@@H](O)C[C@]12C)C(=O)CO
PREDNICARBATE,CCOC(=O)O[C@@]1(CC[C@H]2[C@@H]3CCC4=CC(=O)C=C[C@]4(C)[C@H]3[C@@H](O)C[C@]12C)C(=O)COC(=O)CC
HYDROCORTAMATE,CCN(CC)CC(=O)OCC(=O)[C@@]1(O)CC[C@H]2[C@@H]3CCC4=CC(=O)CC[C@]4(C)[C@H]3[C@@H](O)C[C@]12C
DESONIDE,CC1(C)O[C@@H]2C[C@H]3C4CCC5=CC(=O)C=CC5(C)[C@H]4C(O)CC3(C)[C@@]2(O1)C(=O)CO
ALCLOMETASONE,C[C@@H]1C[C@H]2[C@@H]3[C@H](Cl)CC4=CC(=O)C=C[C@]4(C)[C@H]3[C@@H](O)C[C@]2(C)[C@@]1(O)C(=O)CO
DIFLORASONE,C[C@H]1C[C@H]2[C@@H]3C[C@H](F)C4=CC(=O)C=C[C@]4(C)[C@@]3(F)[C@@H](O)C[C@]2(C)[C@@]1(O)C(=O)CO
DESOXIMETASONE,C[C@@H]1C[C@H]2[C@@H]3CCC4=CC(=O)C=C[C@]4(C)[C@@]3(F)[C@@H](O)C[C@]2(C)[C@H]1C(=O)CO
CLOBETASOL,CC1CC2C3CCC4=CC(=O)C=CC4(C)[C@@]3(F)C(O)CC2(C)[C@@]1(O)C(=O)CCl
AMCINONIDE,CC(=O)OCC(=O)[C@@]12OC3(CCCC3)O[C@@H]1C[C@H]4[C@@H]5CCC6=CC(=O)C=C[C@]6(C)[C@@]5(F)[C@@H](O)C[C@]24C
MOMETASONE,C[C@@H]1C[C@H]2[C@@H]3CCC4=CC(=O)C=C[C@]4(C)[C@@]3(Cl)[C@@H](O)C[C@]2(C)[C@@]1(O)C(=O)CCl
BECLOMETHASONE,C[C@H]1C[C@H]2[C@@H]3CCC4=CC(=O)C=C[C@]4(C)[C@@]3(Cl)[C@@H](O)C[C@]2(C)[C@@]1(O)C(=O)CO
CLOCORTOLONE,C[C@@H]1CC2C3C[C@H](F)C4=CC(=O)C=CC4(C)[C@@]3(Cl)C(O)CC2(C)C1C(=O)CO
RIMEXOLONE,CCC(=O)[C@@]1(C)[C@H](C)C[C@H]2[C@@H]3CCC4=CC(=O)C=C[C@]4(C)[C@H]3[C@@H](O)C[C@]12C
THYMALFASIN,CC[C@H](C)[C@H](NC(=O)[C@H](CCC(O)=O)NC(=O)[C@H](CO)NC(=O)[C@H](CO)NC(=O)[C@@H](NC(=O)[C@H](CC(O)=O)NC(=O)[C@@H](NC(=O)[C@H](C)NC(=O)[C@H](C)NC(=O)[C@H](CC(O)=O)NC(=O)[C@H](CO)NC(C)=O)C(C)C)[C@@H](C)O)C(=O)N[C@@H]([C@@H](C)O)C(=O)N[C@@H]([C@@H](C)O)C(=O)N[C@@H](CCCCN)C(=O)N[C@@H](CC(O)=O)C(=O)N[C@@H](CC(C)C)C(=O)N[C@@H](CCCCN)C(=O)N[C@@H](CCC(O)=O)C(=O)N[C@@H](CCCCN)C(=O)N[C@@H](CCCCN)C(=O)N[C@@H](CCC(O)=O)C(=O)N[C@@H](C(C)C)C(=O)N[C@@H](C(C)C)C(=O)N[C@@H](CCC(O)=O)C(=O)N[C@@H](CCC(O)=O)C(=O)N[C@@H](C)C(=O)N[C@@H](CCC(O)=O)C(=O)N[C@@H](CC(N)=O)C(O)=O
2-MERCAPTOETHANOL,OCCS
THIODIGALACTOSIDE,OC[C@H]1O[C@H](S[C@@H]2O[C@H](CO)[C@H](O)[C@H](O)[C@H]2O)[C@H](O)[C@@H](O)[C@H]1O
HEXAMETHYLENEBISACETAMIDE,NC(=O)CCCCCCCCC(N)=O
AMPICILLIN,CC1(C)S[C@@H]2[C@H](NC(=O)[C@H](N)c3ccccc3)C(=O)N2[C@H]1C(O)=O
NICARAVEN,CC(CNC(=O)c1cccnc1)NC(=O)c2cccnc2
NIACINAMIDE,NC(=O)c1cccnc1
TRIMETHYLLYSINE,CN(C)[C@@](C)(CCCCN)C(O)=O
DIBUCAINE,CCCCOc1cc(C(=O)NCCN(CC)CC)c2ccccc2n1
FELODIPINE,CCOC(=O)C1=C(C)NC(=C(C1c2cccc(Cl)c2Cl)C(=O)OC)C
PRENYLAMINE,CC(C)=CCN
APRINDINE,CCN(CC)CCCN(C1Cc2ccccc2C1)c3ccccc3
LUBIPROSTONE,CCCCC(F)(F)[C@@]1(O)CC[C@H]2[C@@H](CC(=O)[C@H]2CCCCCCC(O)=O)O1
HEXYLRESORCINOL,CCCCCCOc1cccc(O)c1
BROMOETHANE,CCBr
PEGAMOTECAN,CC[C@@]1(OC(=O)[C@H](C)NC(=O)COCCOCC(=O)N[C@@H](C)C(=O)O[C@]2(CC)C(=O)OCC3=C2C=C4N(Cc5cc6ccccc6nc45)C3=O)C(=O)OCC7=C1C=C8N(Cc9cc%10ccccc%10nc89)C7=O
HYDROXYCAMPTOTHECIN,CC[C@@]1(O)C(=O)OCC2=C1C=C3N(Cc4cc5cc(O)ccc5nc34)C2=O
SOPHORIDINE,O=C1CCC[C@@H]2[C@H]3CCCN4CCC[C@H](CN12)[C@@H]34
DIFLOMOTECAN,CC[C@@]1(O)CC(=O)OCC2=C1C=C3N(Cc4cc5cc(F)c(F)cc5nc34)C2=O
LURTOTECAN,CC[C@@]1(O)C(=O)OCC2=C1C=C3N(Cc4c(CN5CCN(C)CC5)c6cc7OCCOc7cc6nc34)C2=O
RUBITECAN,CC[C@@]1(O)C(=O)OCC2=C1C=C3N(Cc4cc5c(cccc5[N+]([O-])=O)nc34)C2=O
EXATECAN,CC[C@@]1(O)C(=O)OCC2=C1C=C3N(Cc4c3nc5cc(F)c(C)c6CC[C@H](N)c4c56)C2=O
EVODIAMINE,CN1[C@H]2N(CCc3c2[nH]c4ccccc34)C(=O)c5ccccc15
TRYPTANTHRIN,O=C1N2c3ccccc3C(=O)C2=Nc4ccccc14
INTOPLICINE,CN(C)CCCNc1ncc(C)c2[nH]c3ccc4cc(O)ccc4c3c12.C[S](O)(=O)=O
KARENITECIN,CC[C@@]1(O)C(=O)OCC2=C1C=C3N(Cc4c(CC[Si](C)(C)C)c5ccccc5nc34)C2=O
EDOTECARIN,OCC(CO)NN1C(=O)c2c(C1=O)c3c4ccc(O)cc4n(C5O[C@H](CO)[C@@H](O)[C@H](O)[C@H]5O)c3c6[nH]c7cc(O)ccc7c26
GIMATECAN,CC[C@@]1(O)C(=O)OCC2=C1C=C3N(Cc4c(/C=N/OC(C)(C)C)c5ccccc5nc34)C2=O
ANNAMYCIN,C[C@@H]1O[C@@H](O[C@H]2C[C@@](O)(Cc3c(O)c4C(=O)c5ccccc5C(=O)c4c(O)c23)C(=O)CO)[C@H](I)[C@H](O)[C@H]1O
UNGEREMINE,Oc1cc2CC[n+]3cc4cc5OCOc5cc4c(c1)c23
LUPEOL,CC(=C)[C@@H]1CC[C@]2(C)CC[C@]3(C)[C@H](CC[C@@H]4[C@@]5(C)CC[C@H](O)C(C)(C)[C@@H]5CC[C@@]34C)[C@@H]12
DIAZIRINE,N1C=N1
DIPHYLLIN,COc1cc2c(O)c3COC(=O)c3c(c4ccc5OCOc5c4)c2cc1OC
TROVAFLOXACIN,NC1[C@H]2CN(C[C@@H]12)c3nc4N(C=C(C(O)=O)C(=O)c4cc3F)c5ccc(F)cc5F
ELINAFIDE,O=C1N(CCNCCCNCCN2C(=O)c3ccc4ccccc4c3C2=O)C(=O)c5c1ccc6ccccc56
BETULIN,CC(=C)[C@@H]1CC[C@]2(CO)CC[C@]3(C)[C@H](CC[C@@H]4[C@@]5(C)CC[C@H](O)C(C)(C)[C@@H]5CC[C@@]34C)[C@@H]12
SPARFLOXACIN,C[C@H]1CN(C[C@@H](C)N1)c2c(F)c(N)c3C(=O)C(=CN(C4CC4)c3c2F)C(O)=O
AMRUBICIN,[Cl-].CC(=O)[C@@]1(N)C[C@H](O[C@H]2C[C@H](O)[C@H](O)CO2)c3c(O)c4C(=O)c5ccccc5C(=O)c4c(O)c3C1.[H+]
16.ALPHA.-BROMOEPIANDROSTERONE,C[C@]12CC[C@H](O)C[C@@H]1CC[C@@H]3[C@@H]2CC[C@@]4(C)[C@H]3C[C@@H](Br)C4=O
SULFANILAMIDE,Nc1ccc(cc1)[S](N)(=O)=O
TRIMETHOPRIM,COc1cc(Cc2cnc(N)nc2N)cc(OC)c1OC
SULFISOXAZOLE,Cc1noc(N[S](=O)(=O)c2ccc(N)cc2)c1C
AMODIAQUINE,CCN(CC)Cc1cc(Nc2ccnc3cc(Cl)ccc23)ccc1O
GLICLAZIDE,Cc1ccc(cc1)[S](=O)(=O)NC(=O)NN2CC3CCCC3C2
QUININE,COc1ccc2nccc([C@@H](O)[C@@H]3C[C@H]4CCN3C[C@@H]4C=C)c2c1
ARTICAINE,CCCNC(C)C(=O)Nc1c(C)csc1C(=O)OC
METABUTETHAMINE,CC(C)CNCCOC(=O)c1cccc(N)c1
CHLORPROGUANIL,CC(C)N=C(N)N=C(N)Nc1ccc(Cl)c(Cl)c1
ARTESUNATE,C[C@@H]1CC[C@H]2[C@@H](C)[C@H](O[C@@H]3OC4(C)CC[C@@H]1[C@@]23OO4)OC(=O)CCC(O)=O
MEPIVACAINE,CN1CCCCC1C(=O)Nc2c(C)cccc2C
TETRACAINE,CCCCNc1ccc(cc1)C(=O)OCCN(C)C
TOLBUTAMIDE,CCCCNC(=O)N[S](=O)(=O)c1ccc(C)cc1
SUCCIMER,OC(=O)C(S)C(S)C(O)=O
ROPIVACAINE,CCCN1CCCC[C@H]1C(=O)Nc2c(C)cccc2C
NITROFURANTOIN,[O-][N+](=O)c1oc(cc1)/C=N/N2CC(=O)NC2=O
GLIPIZIDE,Cc1cnc(cn1)C(=O)NCCc2ccc(cc2)[S](=O)(=O)NC(=O)NC3CCCCC3
EPIANDROSTERONE,C[C@]12CC[C@H](O)C[C@@H]1CC[C@@H]3[C@@H]2CC[C@@]4(C)[C@H]3CCC4=O
NICORANDIL,[O-][N+](=O)OCCNC(=O)c1cccnc1
MAFENIDE,NCc1ccc(cc1)[S](N)(=O)=O
CO-TRIMOXAZOLE,COc1cc(Cc2cnc(N)nc2N)cc(OC)c1OC.Cc3onc(N[S](=O)(=O)c4ccc(N)cc4)c3
SITAMAQUINE,CCN(CC)CCCCCCNc1cc(OC)cc2c(C)ccnc12
METOCLOPRAMIDE,CCN(CC)CCNC(=O)c1cc(Cl)c(N)cc1OC
SULFADIAZINE,Nc1ccc(cc1)[S](=O)(=O)Nc2ncccn2
PROBENECID,CCCN(CCC)[S](=O)(=O)c1ccc(cc1)C(O)=O
PERINDOPRIL,CCC[C@H](N[C@@H](C)C(=O)N1[C@H]2CCCC[C@H]2C[C@H]1C(O)=O)C(=O)OCC
TAFENOQUINE,COc1cc(C)c2c(Oc3cccc(c3)C(F)(F)F)c(OC)cc(NC(C)CCCN)c2n1
CHLORPROPAMIDE,CCCNC(=O)N[S](=O)(=O)c1ccc(Cl)cc1
PHENAZOPYRIDINE,Nc1ccc(N=Nc2ccccc2)c(N)n1
OXYMETAZOLINE,Cc1cc(c(O)c(C)c1CC2=NCCN2)C(C)(C)C
PRILOCAINE,CCCNC(C)C(=O)Nc1ccccc1C
SULFAMETHOXAZOLE,Cc1onc(N[S](=O)(=O)c2ccc(N)cc2)c1
ATPGAMMAS,[Li+].[Li+].[Li+].[Li+].Nc1ncnc2n(cnc12)[C@@H]3O[C@H](CO[P]([O-])(=O)O[P]([O-])(=O)O[P]([O-])([S-])=O)[C@@H](O)[C@H]3O
DIMETHYLADENINE,Cc1[nH]c2c(N)nc(C)nc2n1
PENTANAL,CCCCC=O
PELITREXOL,Cc1cc(sc1CC[C@@H]2CNC3=C(C2)C(=O)N=C(N)N3)C(=O)N[C@@H](CCC(O)=O)C(O)=O
PALA,OC(=O)C[C@H](NC(=O)C[P](O)(O)=O)C(O)=O
THIABENDAZOLE,[nH]1c2ccccc2nc1c3cscn3
ZALCITABINE,NC1=NC(=O)N(C=C1)[C@H]2CC[C@@H](CO)O2
MOTUPORIN,CC[C@@H]1N(C)C(=O)CC[C@@H](NC(=O)[C@@H](C)[C@H](CCC(C)C[C@H](C)[C@H](Cc2ccccc2)OC)NC(=O)[C@@H](NC(=O)[C@@H](C)[C@@H](NC1=O)C(O)=O)C(C)C)C(O)=O
MILTEFOSINE,CCCCCCCCCCCCCCCCO[P]([O-])(=O)OCC[N+](C)(C)C
FULVESTRANT,C[C@]12CC[C@H]3[C@@H]([C@H](CCCCCCCCC[S](=O)CCCC(F)(F)C(F)(F)F)Cc4cc(O)ccc34)[C@@H]1CC[C@@H]2O
STREPTOZOCIN,CN(N=O)C(=O)N[C@H]1[C@@H](O)O[C@H](CO)[C@@H](O)[C@@H]1O
LY-294002,O=C1C=C(Oc2c1cccc2c3ccccc3)N4CCOCC4
PERIFOSINE,CCCCCCCCCCCCCCCCCCO[P]([O-])(=O)OC1CC[N+](C)(C)CC1
OCTREOTIDE,CC(O)C(CO)NC(=O)C1CSSCC(NC(=O)C(N)Cc2ccccc2)C(=O)NC(Cc3ccccc3)C(=O)NC(Cc4c[nH]c5ccccc45)C(=O)NC(CCCCN)C(=O)NC(C(C)O)C(=O)N1
TRIDOLGOSIR,O[C@@H]1CCCN2CC(O)C(O)[C@@H]12
DNQX,[O-][N+](=O)c1cc2NC(=O)C(=O)Nc2cc1[N+]([O-])=O
CERULENIN,C\C=C\C\C=C\CCC(=O)[C@H]1O[C@H]1C(N)=O
DIDANOSINE,OC[C@@H]1CC[C@@H](O1)n2cnc3C(=O)N=CNc23
PERHEXILINE,C1CCC(CC1)C(CC2CCCCN2)C3CCCCC3
TRICETIN,Oc1cc(O)c2C(=O)C=C(Oc2c1)c3cc(O)c(O)c(O)c3
AMENTOFLAVONE,Oc1ccc(cc1)C2=CC(=O)c3c(O)cc(O)c(c3O2)c4cc(ccc4O)C5=CC(=O)c6c(O)cc(O)cc6O5
PHOSPHOGLYCOLOHYDROXAMATE,OCC(=O)NO[P](O)(O)=O
FLUOROTRYPTOPHANE,OC(=O)[C@H](Cc1c[nH]c2ccccc12)NF
CANTHARIDIN,C[C@@]12[C@H]3CC[C@H](O3)[C@]1(C)C(=O)OC2=O
APOGOSSYPOL,CC(C)c1c(O)c(O)cc2c(O)c(c(C)cc12)c3c(C)cc4c(cc(O)c(O)c4C(C)C)c3O
SANGIVAMYCIN,NC(=O)c1cn(C2OC(CO)C(O)C2O)c3ncnc(N)c13
VATALANIB,Clc1ccc(Nc2nnc(Cc3ccncc3)c4ccccc24)cc1
CI-1040,Fc1ccc(C(=O)NOCC2CC2)c(Nc3ccc(I)cc3Cl)c1F
TECADENOSON,OC[C@H]1O[C@H]([C@H](O)[C@@H]1O)n2cnc3c(N[C@@H]4CCOC4)ncnc23
BENZYLCYSTEINE,OC(=O)[C@H](CS)NCc1ccccc1
EOSIN,[Na+].[Na+].[O-]C(=O)c1ccccc1C2=C3C=C(Br)C(=O)C(=C3Oc4c(Br)c([O-])c(Br)cc24)Br
ETIOCHOLANOLONE,C[C@]12CC[C@@H](O)C[C@H]1CC[C@@H]3[C@@H]2CC[C@@]4(C)[C@H]3CCC4=O
TIXOCORTOL,C[C@]12CCC(=O)C=C1CC[C@H]3[C@@H]4CC[C@](O)(C(=O)CS)[C@@]4(C)C[C@H](O)[C@H]23
AMINOPHYLLINE,CN1C(=O)N(C)c2nc[nH]c2C1=O.CN3C(=O)N(C)c4nc[nH]c4C3=O.NCCN
OXTRIPHYLLINE,CN1C(=O)N(C)c2[n-]cnc2C1=O.C[N+](C)(C)CCO
XANTHYLETIN,CC1(C)Oc2cc3OC(=O)C=Cc3cc2C=C1
CARBARIL,CNC(=O)Oc1cccc2ccccc12
GRAMINE,CN(C)Cc1c[nH]c2ccccc12
"7,3'-DIMETHOXYFLAVONE",COc1cccc(c1)C2=CC(=O)c3ccc(OC)cc3O2
FURAMIDINE,NC(=N)c1occc1
GERALDOL,COc1cc(ccc1O)C2=C(O)C(=O)c3ccc(O)cc3O2
PIRFENIDONE,CC1=CN(C(=O)C=C1)c2ccccc2
ZOLPIDEM,CN(C)C(=O)Cc1n2cc(C)ccc2nc1c3ccc(C)cc3
FLUORANTHENE,c1ccc2c(c1)c3cccc4cccc2c34
4-AMINOPHENOL,Nc1ccc(O)cc1
CILOSTAMIDE,CN(C1CCCCC1)C(=O)CCCOc2ccc3NC(=O)C=Cc3c2
ESCULIN,OC[C@H]1O[C@@H](Oc2cc3C=CC(=O)Oc3cc2O)[C@H](O)[C@@H](O)[C@@H]1O
FRAXETIN,COc1cc2C=CC(=O)Oc2c(O)c1O
XANTHOPTERIN,NC1=NC(=O)C2=C(N1)N=CC(=O)N2
PROPYLPYRAZOLETRIOL,CCCOc1n[nH]c(O)c1O
ERGONOVINE,C[C@@H](CO)NC(=O)[C@H]1CN(C)[C@@H]2Cc3c[nH]c4cccc(C2=C1)c34
BERBAMINE,COc1cc2CCN(C)[C@H]3Cc4ccc(Oc5cc(C[C@H]6N(C)CCc7cc(OC)c(OC)c(Oc1cc23)c67)ccc5O)cc4
SKIMMIANINE,COc1ccc2c(OC)c3ccoc3nc2c1OC
SALICYLAMIDE,NC(=O)c1ccccc1O
SCH-58261,Nc1nc2n(CCc3ccccc3)ncc2c4nc(nn14)c5occc5
LOMATIN,CC1(C)Oc2ccc3C=CC(=O)Oc3c2C[C@H]1O
SPHONDIN,COc1cc2C=CC(=O)Oc2c3ccoc13
"2,3-DIHYDROXY-6,7-DICHLOROQUINOXALINE",Oc1nc2cc(Cl)c(Cl)cc2nc1O
HARMALOL,CC1=NCCc2c1[nH]c3cc(O)ccc23
BENZO[E]PYRENE,c1ccc2c(c1)c3cccc4ccc5cccc2c5c34
HERNIARIN,COc1ccc2C=CC(=O)Oc2c1
"3,6-DIMETHOXYFLAVONE",COc1ccc2OC(=C(OC)C(=O)c2c1)c3ccccc3
7-NITROINDAZOLE,[O-][N+](=O)c1cccc2cn[nH]c12
BETA-CCM,COC(=O)c1cc2c([nH]c3ccccc23)cn1
GLIQUIDONE,COc1ccc2c(c1)C(=O)N(CCc3ccc(cc3)[S](=O)(=O)NC(=O)NC4CCCCC4)C(=O)C2(C)C
PSORALEN,O=C1Oc2cc3occc3cc2C=C1
FR-122047,[H+].[Cl-].COc1ccc(cc1)c2sc(nc2c3ccc(OC)cc3)C(=O)N4CCN(C)CC4
AURAPTENE,CC(C)=CCC/C(C)=C/COc1ccc2C=CC(=O)Oc2c1
"8,2'-DIMETHOXYFLAVONE",COc1cccc2C(=O)C=C(Oc12)c3ccccc3OC
4-METHYLESCULETIN,CC1=CC(=O)Oc2cc(O)c(O)cc12
SULMAZOLE,COc1cc(ccc1c2[nH]c3cccnc3n2)[S](C)=O
KAEMPFEROL,Oc1ccc(cc1)C2=C(O)C(=O)c3c(O)cc(O)cc3O2
"3',4'-DIMETHOXYFLAVONE",COc1ccc(cc1OC)C2=CC(=O)c3ccccc3O2
"3,7-DIMETHOXYFLAVONE",COc1ccc2C(=O)C(=C(Oc2c1)c3ccccc3)OC
MALATHION,CCOC(=O)CC(S[P](=S)(OC)OC)C(=O)OCC
GATIFLOXACIN,COc1c(N2CCNC(C)C2)c(F)cc3C(=O)C(=CN(C4CC4)c13)C(O)=O
HARMALINE,COc1ccc2c3CCN=C(C)c3[nH]c2c1
CORTODOXONE,CC12CCC(=O)C=C1CCC3C2CCC4(C)C3CCC4(O)C(=O)CO
EVOXINE,COc1c(OCC(O)C(C)(C)O)ccc2c(OC)c3ccoc3nc12
NIRIDAZOLE,[O-][N+](=O)c1sc(nc1)N2CCNC2=O
METOLAZONE,CC1Nc2cc(Cl)c(cc2C(=O)N1c3ccccc3C)[S](N)(=O)=O
ISOBOLDINE,COc1cc2c(C[C@@H]3N(C)CCc4cc(OC)c(O)c2c34)cc1O
BUMETANIDE,CCCCNc1cc(cc(c1Oc2ccccc2)[S](N)(=O)=O)C(O)=O
RIBOFLAVIN,Cc1cc2N=C3C(=O)NC(=O)N=C3N(CC(O)C(O)C(O)CO)c2cc1C
DIHYDREXIDINE,Oc1cc2CCC3NCc4ccccc4C3c2cc1O
DEQUALINIUM,Cc1cc(N)c2ccccc2[n+]1CCCCCCCCCC[n+]3c(C)cc(N)c4ccccc34
CINALUKAST,CCC(CC)(CC(=O)Nc1cccc(/C=C/c2scc(n2)C3CCC3)c1)C(O)=O
TRAZODONE,Clc1cccc(c1)N2CCN(CCCN3N=C4C=CC=CN4C3=O)CC2
HARMAN,CC1=NCCc2c1[nH]c3ccccc23
AMINACRINE,Nc1c2ccccc2nc3ccccc13
2-BENZOYL-5-METHOXYBENZOQUINONE,COC1=CC(=O)C(=CC1=O)C(=O)c2ccccc2
"N,N'-DIPHENYL-P-PHENYLENEDIAMINE",N(c1ccccc1)c2ccc(Nc3ccccc3)cc2
SPLITOMICIN,O=C1CCc2c(O1)ccc3ccccc23
KARANJIN,COC1=C(Oc2c(ccc3occc23)C1=O)c4ccccc4
3-AMINOBENZAMIDE,NC(=O)c1cccc(N)c1
PAPAVEROLINE,Oc1ccc(CC2=C3C=C(O)C(=O)C=C3C=CN2)cc1O
1-NAPHTHYLISOTHIOCYANATE,S=C=Nc1cccc2ccccc12
ACETANILIDE,CC(=O)Nc1ccccc1
XANTHONE,O=C1c2ccccc2Oc3ccccc13
CARBAZOLE,[nH]1c2ccccc2c3ccccc13
BOLDINE,COc1cc2c(C[C@@H]3N(C)CCc4cc(O)c(OC)c2c34)cc1O
RU-24969,COc1ccc2[nH]cc(C3=CCNCC3)c2c1.OC(=O)CCC(O)=O
PROTRIPTYLINE,CNCCCC1c2ccccc2C=Cc3ccccc13
GRAVEOLINE,CN1C(=CC(=O)c2ccccc12)c3ccc4OCOc4c3
GRISEOFULVIN,COC1CC(=O)C[C@@H](C)[C@]12Oc3c(Cl)c(OC)cc(OC)c3C2=O
CORALYNE,[Cl-].COc1cc2cc[n+]3c(C)c4cc(OC)c(OC)cc4cc3c2cc1OC
CITROPTEN,COc1cc(OC)c2C=CC(=O)Oc2c1
MK-212,Clc1cncc(n1)N2CCNCC2
DIETHANOLAMINE,OCCNCCO
HYDRASTININE,CN1CCc2cc3OCOc3cc2C1O
BENZAMIL,NC(NC(=O)c1nc(Cl)c(N)nc1N)=NCc2ccccc2
NAPHTHYLAMINE,Nc1cccc2ccccc12
"5,7-DIHYDROXY-4-METHYLCOUMARIN",CC1=CC(=O)Oc2cc(O)cc(O)c12
PHTHALAZINONE,O=C1NN=Cc2ccccc12
FORMONONETIN,COc1ccc(cc1)C2=COc3cc(O)ccc3C2=O
DIFLUNISAL,OC(=O)c1cc(ccc1O)c2ccc(F)cc2F
TRIFLUSAL,CC(=O)Oc1cc(ccc1C(O)=O)C(F)(F)F
PURPURIN,Oc1cc(O)c2C(=O)c3ccccc3C(=O)c2c1O
SULFAPHENAZOLE,Nc1ccc(cc1)[S](=O)(=O)Nc2ccnn2c3ccccc3
ACRISORCIN,CCCCCCc1ccc(O)cc1O.Nc2c3ccccc3nc4ccccc24
CEAROIN,COc1cc(O)c(cc1O)C(=C)c2ccccc2
"3-HYDROXY-3',4'-DIMETHOXYFLAVONE",COc1ccc(cc1OC)C2=C(O)C(=O)c3ccccc3O2
PYRENE,c1cc2ccc3cccc4ccc(c1)c2c34
TIZANIDINE,Clc1ccc2nsnc2c1NC3=NCCN3
MOXONIDINE,COc1nc(C)nc(Cl)c1NC2=NCCN2
OSTHOLE,COc1ccc2C=CC(=O)Oc2c1CC=C(C)C
GONIOTHALAMIN,O=C1O[C@H](CC=C1)/C=C/c2ccccc2
ISONIAZID,NNC(=O)c1ccncc1
MYRIOCIN,CCCCCCC(=O)CCCCCC\C=C\CC(O)C(O)C(N)(CO)C(O)=O
VANILLIN,COc1cc(C=O)ccc1O
KAVAIN,COC1=CC(=O)OC(C1)\C=C\c2ccccc2
OXYBENZONE,COc1ccc(c(O)c1)C(=O)c2ccccc2
BUTANAL,CCCC=O
RETINAL,CC(=C\C=O)/C=C/C=C(C)/C=C/C1=C(C)CCCC1(C)C
METHANANDAMIDE,CCCCC/C=C\C\C=C/C/C=C\C\C=C/CCCC(=O)N[C@H](C)CO
P-HYDROXYCINNAMALDEHYDE,Oc1ccc(\C=C\C=O)cc1
METHYLEPHEDRINE,CC(C(O)c1ccccc1)N(C)C
LAWSONE,OC1=CC(=O)C(=O)c2ccccc12
ARTEMISININ,C[C@@H]1CC[C@H]2[C@@H](C)C(=O)O[C@@H]3O[C@@]4(C)CC[C@@H]1[C@@]23OO4
ANANDAMIDE,CCCCC/C=C\C\C=C/C/C=C\C\C=C/CCCC(=O)NCCO
CHRYSIN,Oc1cc(O)c2C(=O)C=C(Oc2c1)c3ccccc3
HYDRAZOBENZENE,N(Nc1ccccc1)c2ccccc2
SULISOBENZONE,COc1cc(O)c(cc1[S](O)(=O)=O)C(=O)c2ccccc2
"2,3,4-TRIHYDROXY-4'-ETHOXYBENZOPHENONE",CCOc1ccc(cc1)C(=O)c2ccc(O)c(O)c2O
TIOPRONIN,CC(S)C(=O)NCC(O)=O
NS-398,C[S](=O)(=O)Nc1ccc(cc1OC2CCCCC2)[N+]([O-])=O
TETRANITROMETHANE,[O-][N+](=O)C([N+]([O-])=O)([N+]([O-])=O)[N+]([O-])=O
5-METHOXYISATIN,COc1ccc2NC(=O)C(=O)c2c1
2-ARACHIDONOYLGLYCEROL,CCCCC/C=C\C\C=C/C/C=C\C\C=C/CCCC(=O)OC(CO)CO
CILOSTAZOL,O=C1CCc2cc(OCCCCc3nnnn3C4CCCCC4)ccc2N1
NITROBENZENE,[O-][N+](=O)c1ccccc1
ZUCAPSAICIN,COc1cc(CNC(=O)CCCC\C=C/C(C)C)ccc1O
AMBUNOL,[H+].[Cl-].CC(C)(C)c1cc(CN(CCO)CCO)cc(c1O)C(C)(C)C
ORTHOTOLIDINE,Cc1cc(ccc1N)c2ccc(N)c(C)c2
ACROLEIN,C=CC=O
EDARAVONE,CC1=NN(C(=O)C1)c2ccccc2
ACETOCHLOR,CCOCN(C(=O)CCl)c1c(C)cccc1CC
AZEPANE,C1CCCNCC1
CINNAMALDEHYDE,O=CC=Cc1ccccc1
"3,4-DIMETHOXYBENZALDEHYDE",COc1ccc(C=O)cc1OC
TANGERETIN,COc1ccc(cc1)C2=CC(=O)c3c(OC)c(OC)c(OC)c(OC)c3O2
METHYSTICIN,COC1=CC(=O)OC(C1)/C=C/c2ccc3OCOc3c2
BERGAPTEN,COc1c2ccoc2cc3OC(=O)C=Cc13
CRYPTOTANSHINONE,CC1COC2=C1C(=O)C(=O)c3c4CCCC(C)(C)c4ccc23
PIPOBROMAN,BrCCC(=O)N1CCN(CC1)C(=O)CCBr
4'-METHOXYCHALCONE,COc1ccc(cc1)C(=O)C=Cc2ccccc2
4-NONYLPHENOL,CCCCCCCCCc1ccc(O)cc1
CAMPHOR,CC1(C)C2CCC1(C)C(=O)C2
METHOXYCHLOR,COc1ccc(cc1)C(c2ccc(OC)cc2)C(Cl)(Cl)Cl
ALDOPHOSPHAMIDE,N[P](=O)(OCCC=O)N(CCCl)CCCl
NIFUROXAZIDE,Oc1ccc(cc1)C(=O)N/N=C/c2oc(cc2)[N+]([O-])=O
BENZYLACETONE,CC(=O)CCc1ccccc1
ALLITRIDIN,C=CCSSSCC=C
5-DEMETHYLNOBILETIN,COc1ccc(cc1OC)C2=CC(=O)c3c(O)c(OC)c(OC)c(OC)c3O2
EUGENOL,COc1cc(CC=C)ccc1O
GARDENIN,COc1cc(cc(OC)c1OC)C2=CC(=O)c3c(O)c(OC)c(OC)c(OC)c3O2
BENZOPHENONE,O=C(c1ccccc1)c2ccccc2
PHENYLGLYOXAL,O=CC(=O)c1ccccc1
DIALLYLDISULFIDE,C=CCSSCC=C
SEMUSTINE,CC1CCC(CC1)NC(=O)N(CCCl)N=O
PARATHION,CCO[P](=S)(OCC)Oc1ccc(cc1)[N+]([O-])=O
BENZALDEHYDE,O=Cc1ccccc1
DISULFOTON,CCO[P](=S)(OCC)SCCSCC
CHRYSOPHANOL,Cc1cc(O)c2C(=O)c3c(O)cccc3C(=O)c2c1
ANISALDEHYDE,COc1ccc(C=O)cc1
"2,4-HEXADIENAL",CC=CC=CC=O
METRONIDAZOLE,Cc1ncc(n1CCO)[N+]([O-])=O
GOSSYPETIN,Oc1ccc(cc1O)C2=C(O)C(=O)c3c(O)cc(O)c(O)c3O2
GEMFIBROZIL,Cc1ccc(C)c(OCCCC(C)(C)C(O)=O)c1
TROMETHAMINE,NC(CO)(CO)CO
PARAROSANILINE,[H+].[Cl-].Nc1ccc(cc1)C(c2ccc(N)cc2)=C3C=CC(=N)C=C3
TRAMIPROSATE,NCCC[S](O)(=O)=O
APAZIQUONE,Cn1c(\C=C\CO)c(CO)c2C(=O)C(=CC(=O)c12)N3CC3
OXAMATE,NC(=O)C([O-])=O
STIRIPENTOL,CC(C)(C)C(O)/C=C/c1ccc2OCOc2c1
THIOPROLINE,OC(=S)[C@@H]1CCCN1
MERIMEPODIB,COc1cc(NC(=O)Nc2cccc(CNC(=O)O[C@H]3CCOC3)c2)ccc1c4ocnc4
ZEBULARINE,OCC1OC(C(O)C1O)N2C=CC=NC2=O
BISDEMETHOXYCURCUMIN,Oc1ccc(cc1)\C=C\C(=O)CC(=O)/C=C/c2ccc(O)cc2
PROCAINAMIDE,CCN(CC)CCNC(=O)c1ccc(N)cc1
HEXAHYDROCURCUMIN,COC1CC(CCC1O)\C=C\C(=O)CC(=O)\C=C\c2ccc(O)c(OC)c2
FLUCYTOSINE,NC1=C(F)C=NC(=O)N1
BENZANTHRONE,O=C1c2ccccc2c3cccc4cccc1c34
FLUOROCYCLOPENTENYLCYTOSINE,FNC1=NC(=O)N(C=C1)C2=CCCC2
TETRAHYDROCURCUMIN,COC1CC(CC=C1O)\C=C\C(=O)CC(=O)\C=C\c2ccc(O)c(OC)c2
DEMETHOXYCURCUMIN,COc1cc(\C=C\C(O)=C\C(=O)/C=C/c2ccc(O)cc2)ccc1O
PHYTONADIONE,CC(C)CCCC(C)CCCC(C)CCC/C(C)=C/CC1=C(C)C(=O)c2ccccc2C1=O
ROSOXACIN,CCN1C=C(C(O)=O)C(=O)c2ccc(cc12)c3ccncc3
PIXANTRONE,NCCNc1ccc(NCCN)c2C(=O)c3cnccc3C(=O)c12
ACLARUBICIN,CC[C@@]1(O)C[C@H](OC2CC(C(OC3CC(O)C(OC4CCC(=O)C(C)O4)C(C)O3)C(C)O2)N(C)C)c5c(O)c6C(=O)c7c(O)cccc7C(=O)c6cc5[C@H]1C(=O)OC
CINOXACIN,CCN1N=C(C(O)=O)C(=O)c2cc3OCOc3cc12
NEMORUBICIN,CO[C@@H]1CN(CCO1)[C@H]2C[C@@H](O[C@@H](C)[C@H]2O)O[C@H]3C[C@@](O)(Cc4c(O)c5C(=O)c6cccc(OC)c6C(=O)c5c(O)c34)C(=O)CO
CLOFARABINE,Nc1nc(Cl)nc2n(cnc12)C3OC(CO)C(O)C3F
SELFOTEL,OC(=O)[C@@H]1C[C@@H](CCN1)C[P](O)(O)=O
TENOCYCLIDINE,C1CCN(CC1)C2(CCCCC2)c3sccc3
PHENCYCLIDINE,C1CCN(CC1)C2(CCCCC2)c3ccccc3
AMANTADINE,[Cl-].NC12CC3CC(CC(C3)C1)C2.[H+]
GUAIFENESIN,COc1ccccc1OCC(O)CO
TRAMADOL,[Cl-].COc1cccc(c1)[C@@]2(O)CCCC[C@@H]2CN(C)C.[H+]
ARIPIPRAZOLE,Clc1cccc(N2CCN(CCCCOc3ccc4CCC(=O)Nc4c3)CC2)c1Cl
DONEPEZIL,[H+].[Cl-].COc1cc2CC(CC3CCN(CC3)Cc4ccccc4)C(=O)c2cc1OC
TRAXOPRODIL,C[C@@H]([C@@H](O)c1ccc(O)cc1)N2CCC(O)(CC2)c3ccccc3
NERAMEXANE,CC1(C)CC(C)(C)CC(C)(N)C1
GAVESTINEL,OC(=O)c1[nH]c2cc(Cl)cc(Cl)c2c1\C=C\C(=O)Nc3ccccc3
MILNACIPRAN,[Cl-].CCN(CC)C(=O)[C@@]1(C[C@@H]1CN)c2ccccc2.[H+]
ELIPRODIL,OC(CN1CCC(CC1)Cc2ccc(F)cc2)c3ccc(Cl)cc3
DEXANABINOL,CCCCCCC(C)(C)c1cc(O)c2[C@H]3CC(=CC[C@@H]3C(C)(C)Oc2c1)CO
DIMIRACETAM,O=C1CN2C(CCC2=O)N1
ACAMPROSATE,CC(=O)NCCC[S](O)(=O)=O
PENTOBARBITAL,CCCC(C)C1(CC)C(=O)NC(=O)NC1=O
SECOBARBITAL,CCCC(C)C1(CC=C)C(=O)NC(=O)NC1=O
ORPHENADRINE,CN(C)CCOC(c1ccccc1)c2ccccc2C
CYCLOLEUCINE,NC1(CCCC1)C(O)=O
ATOMOXETINE,CNCC[C@@H](Oc1ccccc1C)c2ccccc2
METHAMPHETAMINE,CN[C@@H](C)Cc1ccccc1
KETOBEMIDONE,CCC(=O)C1(CCN(C)CC1)c2cccc(O)c2
METHYLTHIOADENOSINE,C[C@]1(O[C@H](CO)[C@@H](O)[C@H]1S)n2cnc3c(N)ncnc23
FORMYCIN,Nc1ncnc2c([nH]nc12)[C@@H]3O[C@H](CO)[C@@H](O)[C@H]3O
DEPUDECIN,C[C@@H](O)[C@@H]1OC1/C=C/[C@@H]2O[C@H]2[C@H](O)C=C
CHLAMYDOCIN,CC1(C)NC(=O)[C@H](CCCCCC(=O)[C@@H]2CO2)NC(=O)[C@H]3CCCN3C(=O)[C@H](Cc4ccccc4)NC1=O
ERLOSAMIDE,COC[C@@H](NC(C)=O)C(=O)NCc1ccccc1
ALPROSTADIL,CCCCC[C@H](O)/C=C/[C@H]1[C@H](O)CC(=O)[C@@H]1CCCCCCC(O)=O
DINOPROSTONE,CCCCC[C@H](O)/C=C/[C@H]1[C@H](O)CC(=O)[C@@H]1C\C=C/CCCC(O)=O
MIBEFRADIL,COCC(=O)O[C@]1(CCN(C)CCCc2[nH]c3ccccc3n2)CCc4cc(F)ccc4[C@@H]1C(C)C
TYROSINE,N[C@@H](Cc1ccc(O)cc1)C(O)=O
BIOTIN,OC(=O)CCCCC1SCC2NC(=O)NC12
EXEMESTANE,C[C@]12CC[C@H]3[C@@H](CC(=C)C4=CC(=O)C=C[C@]34C)[C@@H]1CCC2=O
IROFULVEN,CC1=C(CO)C2=C(C)C3(CC3)[C@@](C)(O)C(=O)C2=C1
BIZELESIN,Cc1c[nH]c2c(O)cc3N(C[C@@H](CCl)c3c12)C(=O)c4[nH]c5ccc(NC(=O)Nc6ccc7[nH]c(cc7c6)C(=O)N8C[C@@H](CCl)c9c8cc(O)c%10[nH]cc(C)c9%10)cc5c4
ESTRONE,C[C@]12CC[C@H]3[C@@H](CCc4cc(O)ccc34)[C@@H]1CCC2=O
AMIFOSTINE,NCCCNCCS[P](O)(O)=O
AMINOPTERIN,NNC1=Nc2nccnc2C(=O)N1
ACIVICIN,N[C@@H]([C@@H]1CC(=NO1)Cl)C(O)=O
QUINAPRIL,CCOC(=O)[C@H](CCc1ccccc1)N[C@@H](C)C(=O)N2Cc3ccccc3C[C@H]2C(O)=O
MITOGUAZONE,[Cl].CC(\C=N\N=C(N)N)=N/N=C(N)N
ADOZELESIN,Cc1c[nH]c2C(=O)C=C3N(CC4CC34c12)C(=O)c5[nH]c6ccc(NC(=O)c7coc8ccccc78)cc6c5
HYPOXANTHINE,O=C1NC=Nc2nc[nH]c12
CASIMIROIN,COC1=CC(=O)N(C)c2c3OCOc3ccc12
"[1,4']BIPIPERIDINYL",C1CCN(CC1)C2CCNCC2
PROPOXYPHENE,CCC(=O)O[C@@](Cc1ccccc1)([C@H](C)CN(C)C)c2ccccc2
NALOXONE,Oc1ccc2C[C@H]3N(CC[C@@]45[C@@H](Oc1c24)C(=O)CC[C@@]35O)CC=C
AVASIMIBE,CC(C)c1cc(C(C)C)c(CC(=O)N[S](=O)(=O)Oc2c(cccc2C(C)C)C(C)C)c(c1)C(C)C
TACRINE,Nc1c2CCCCc2nc3ccccc13
CYCLANDELATE,CC1CC(CC(C)(C)C1)OC(=O)C(O)c2ccccc2
PACTIMIBE,CCCCCCCCN1CCc2c(C)c(CC(O)=O)c(C)c(NC(=O)C(C)(C)C)c12
ELDACIMIBE,CCCCCCN(Cc1ccc(CC(C)(C)C)cc1)C(Nc2cc(c(O)c(c2)C(C)(C)C)C(C)(C)C)=C3C(=O)OC(C)(C)OC3=O
PROBUCOL,CC(C)(C)c1cc(SC(C)(C)Sc2cc(c(O)c(c2)C(C)(C)C)C(C)(C)C)cc(c1O)C(C)(C)C
TRANDOLAPRIL,CCOC(=O)[C@H](CCc1ccccc1)N[C@@H](C)C(=O)N2[C@H]3CCCC[C@@H]3C[C@H]2C(O)=O
CLOPIDOGREL,COC(=O)[C@@H](N1CCc2sccc2C1)c3ccccc3Cl
LACTACYSTIN,CC(C)[C@H](O)[C@]1(NC(=O)[C@H](C)[C@@H]1O)C(=O)SC[C@H](NC(C)=O)C(O)=O
DARAPLADIB,CCN(CC)CCN(Cc1ccc(cc1)c2ccc(cc2)C(F)(F)F)C(=O)CN3C4=C(CCC4)C(=O)N=C3SCc5ccc(F)cc5
FLUOCINONIDE,CC(=O)OCC(=O)[C@@]12OC(C)(C)O[C@@H]1C[C@H]3[C@@H]4C[C@H](F)C5=CC(=O)C=C[C@]5(C)[C@@]4(F)[C@@H](O)C[C@]23C
FLUNISOLIDE,O.CC1(C)O[C@@H]2CC3[C@@H]4C[C@H](F)C5=CC(=O)C=CC5(C)[C@H]4[C@@H](O)C[C@]3(C)[C@@]2(O1)C(=O)CO.CC6(C)O[C@@H]7CC8[C@@H]9C[C@H](F)C%10=CC(=O)C=CC%10(C)[C@H]9[C@@H](O)C[C@]8(C)[C@@]7(O6)C(=O)CO
MEDRYSONE,C[C@H]1C[C@H]2[C@@H]3CC[C@H](C(C)=O)[C@@]3(C)C[C@H](O)[C@@H]2[C@@]4(C)CCC(=O)C=C14
FLURANDRENOLIDE,CC1(C)O[C@@H]2C[C@H]3[C@@H]4C[C@H](F)C5=CC(=O)CC[C@]5(C)[C@H]4[C@@H](O)C[C@]3(C)[C@@]2(O1)C(=O)CO
FLUOROMETHOLONE,C[C@H]1C[C@H]2[C@@H]3CC[C@](O)(C(C)=O)[C@@]3(C)C[C@H](O)[C@]2(F)[C@@]4(C)C=CC(=O)C=C14
LAMOTRIGINE,Nc1nnc(c(N)n1)c2cccc(Cl)c2Cl
ENPIROLINE,O[C@@H](C1CCCCN1)c2cc(nc(c2)C(F)(F)F)c3ccc(cc3)C(F)(F)F
ISOVELLERAL,CC1(C)C[C@H]2C=C(C=O)[C@@]3(C[C@]3(C)[C@H]2C1)C=O
MITOTANE,ClC(Cl)C(c1ccc(Cl)cc1)c2ccccc2Cl
PERMETHRIN,CC1(C)[C@@H](C=C(Cl)Cl)[C@H]1C(=O)OCc2cccc(Oc3ccccc3)c2
SCHISANHENOL,COc1cc2C[C@H](C)[C@H](C)Cc3cc(OC)c(OC)c(OC)c3c2c(O)c1OC
KU-55933,O=C1C=C(OC(=C1)c2cccc3Sc4ccccc4Sc23)N5CCOCC5
HEPTACHLOR,ClC1C=CC2C1C3(Cl)C(=C(Cl)C2(Cl)C3(Cl)Cl)Cl
BENDAMUSTINE,Cn1c(CCCC(O)=O)nc2cc(ccc12)N(CCCl)CCCl
TROLOX,Cc1c(C)c2OC(C)(CCc2c(C)c1O)C(O)=O
RESCINNAMINE,CO[C@H]1[C@@H](C[C@@H]2CN3CCc4c([nH]c5cc(OC)ccc45)[C@H]3C[C@@H]2[C@@H]1C(=O)OC)OC(=O)\C=C\c6cc(OC)c(OC)c(OC)c6
RAZOXANE,CC(CN1CC(=O)NC(=O)C1)N2CC(=O)NC(=O)C2
LYCOPENE,CC(C)=CCC\C(C)=C\C=C\C(C)=C\C=C\C(C)=C\C=C\C=C(C)\C=C\C=C(C)\C=C\C=C(C)\CCC=C(C)C
AMARANTH,[Na+].[Na+].[Na+].[O-][S](=O)(=O)c1ccc2c(c1)C=C(C(=O)/C2=N/Nc3ccc(c4ccccc34)[S]([O-])(=O)=O)[S]([O-])(=O)=O
ACETAMIDE,CC(N)=O
CLOMETHIAZOLE,Cc1ncsc1CCCl
5-BENZYLOXYTRYPTAMINE,NCCc1c[nH]c2ccc(OCc3ccccc3)cc12
BENZOPHENONE-THIOSEMICARBAZONE,NC(=S)NN=C(c1ccccc1)c2ccccc2
PAXILLINE,CC(C)(O)C1OC2CCC3(C)C(O)(CCC4Cc5c([nH]c6ccccc56)C34C)C2=CC1=O
THIORIDAZINE,CSc1ccc2Sc3ccccc3N(CCC4CCCCN4C)c2c1
STREPTOMYCIN,CN[C@H]1[C@H](O)[C@@H](O)[C@H](CO)O[C@H]1O[C@H]2[C@@H](O[C@@H](C)[C@]2(O)C=O)O[C@H]3[C@H](O)[C@@H](O)[C@H](N=C(N)N)[C@@H](O)[C@@H]3N=C(N)N
RUFLOXACIN,CN1CCN(CC1)c2c(F)cc3C(=O)C(=CN4CCSc2c34)C(O)=O
CLOFAZIMINE,CC(C)N=C1C=C2N(c3ccc(Cl)cc3)c4ccccc4N=C2C=C1Nc5ccc(Cl)cc5
TINORIDINE,CCOC(=O)c1c(N)sc2CN(CCc12)Cc3ccccc3
CORYNANTHEINE,CO/C=C(/[C@H]1C[C@@H]2N(CCc3c2[nH]c4ccccc34)C[C@@H]1C=C)C(=O)OC
ISOETHARINE,CCC(NC(C)C)C(O)c1ccc(O)c(O)c1
QUINPIROLE,CCCN1CCC[C@@H]2Cc3[nH]ncc3C[C@@H]12
DIHYDRALAZINE,NNc1nnc(NN)c2ccccc12
DECYLUBIQUINONE,CCCCCCCCCCC1=C(C)C(=O)C(=C(OC)C1=O)OC
PERAZINE,CN1CCN(CCCN2c3ccccc3Sc4ccccc24)CC1
SYMCLOSENE,ClN1C(=O)N(Cl)C(=O)N(Cl)C1=O
COCLAURINE,COc1cc2CCNC(Cc3ccc(O)cc3)c2cc1O
2'-HYDROXYCHALCONE,Oc1ccccc1C(=O)C=Cc2ccccc2
FLUMEQUINE,CC1CCc2cc(F)cc3C(=O)C(=CN1c23)C(O)=O
HYPOTAURINE,NCC[S](O)=O
DIBROMOTYROSINE,OC(=O)[C@H](Cc1ccc(O)cc1)N(Br)Br
ZIPRASIDONE,Clc1cc2NC(=O)Cc2cc1CCN3CCN(CC3)c4nsc5ccccc45
URAPIDIL,COc1ccccc1N2CCN(CCCNC3=CC(=O)N(C)C(=O)N3C)CC2
CGS-15943,Nc1nc2ccc(Cl)cc2c3nc(nn13)c4occc4
MESORIDAZINE,CN1CCCCC1CCN2c3ccccc3Sc4ccc(cc24)[S](C)=O
N-METHYLHISTAMINE,CNCCc1c[nH]cn1
SKF-38393,Oc1cc2CCNCC(c3ccccc3)c2cc1O
PROROXAN,O=C(CCN1CCC(C1)c2ccccc2)c3ccc4OCCOc4c3
ISOCONAZOLE,Clc1ccc(C(Cn2ccnc2)OCc3c(Cl)cccc3Cl)c(Cl)c1
HARPAGOSIDE,C[C@@]1(C[C@@H](O)[C@]2(O)C=CO[C@@H](O[C@@H]3O[C@H](CO)[C@@H](O)[C@H](O)[C@H]3O)[C@H]12)OC(=O)\C=C\c4ccccc4
CHAETOCIN,CN1C(=O)C23CC4(C(Nc5ccccc45)N2C(=O)C1(CO)SS3)C67CC89SSC(CO)(N(C)C8=O)C(=O)N9C6Nc%10ccccc7%10
HELENALIN,C[C@@H]1C[C@H]2OC(=O)C(=C)[C@H]2[C@H](O)[C@@]3(C)[C@H]1C=CC3=O
ICRF-193,C[C@H]([C@H](C)N1CC(=O)NC(=O)C1)N2CC(=O)NC(=O)C2
HISTIDINE,N[C@@H](Cc1c[nH]cn1)C(O)=O
NIMUSTINE,Cc1ncc(CNC(=O)N(CCCl)N=O)c(N)n1
GYKI-52466,CC1=NN=C(c2ccc(N)cc2)c3cc4OCOc4cc3C1
TRITIOZINE,COc1cc(cc(OC)c1OC)C(=S)N2CCOCC2
CARUBICIN,CC1OC(CC(N)C1O)OC2C[C@@](O)(Cc3c(O)c4C(=O)c5cccc(O)c5C(=O)c4c(O)c23)C(C)=O
TRIMETREXATE,COc1cc(NCc2ccc3nc(N)nc(N)c3c2C)cc(OC)c1OC
LEVISOPRENALINE,CC(C)NC[C@H](O)c1ccc(O)c(O)c1
CYSTEAMINE,NCCS
CEFOTETAN,CO[C@]1(NC(=O)C2S\C(S2)=C(\C(N)=O)C(O)=O)[C@H]3SCC(=C(N3C1=O)C(O)=O)CSc4nnnn4C
ETHOPROPAZINE,CCN(CC)C(C)CN1c2ccccc2Sc3ccccc13
FENOLDOPAM,Oc1ccc(cc1)C2CNCCc3c(Cl)c(O)c(O)cc23
CHOLECALCIFEROL,CC(C)CCC[C@@H](C)[C@H]1CC[C@H]2\C(CCC[C@]12C)=C\C=C3/C[C@@H](O)CCC3=C
SULFAPYRIDINE,Nc1ccc(cc1)[S](=O)(=O)Nc2ccccn2
ISOQUERCETIN,OC[C@H]1O[C@@H](OC2=C(Oc3cc(O)cc(O)c3C2=O)c4ccc(O)c(O)c4)[C@H](O)[C@@H](O)[C@@H]1O
GALLAMINE,[I-].[I-].[I-].CC[N+](CC)(CC)CCOc1cccc(OCC[N+](CC)(CC)CC)c1OCC[N+](CC)(CC)CC
HISPIDIN,OC1=CC(=O)C=C(O1)/C=C/c2ccc(O)c(O)c2
ALTENUSIN,COc1ccc(C(=O)OO)c(c1)c2cc(O)c(O)cc2C
TRIPROLIDINE,Cc1ccc(cc1)\C(=C/CN2CCCC2)c3ccccn3
E-64C,CC(C)CCNC(=O)[C@H](CC(C)C)NC(=O)[C@H]1O[C@@H]1C(O)=O
BOPINDOLOL,Cc1[nH]c2cccc(OCC(CNC(C)(C)C)OC(=O)c3ccccc3)c2c1
CLOSANTEL,Cc1cc(C(C#N)c2ccc(Cl)cc2)c(Cl)cc1NC(=O)c3cc(I)cc(I)c3O
TELENZEPINE,CN1CCN(CC1)CC(=O)N2c3ccccc3NC(=O)c4csc(C)c24
ENOXIMONE,CSc1ccc(cc1)C(=O)C2=C(C)NC(=O)N2
PYRAZOPHOS,CCOC(=O)c1cn2nc(O[P](=S)(OCC)OCC)cc2nc1C
SEMAXANIB,Cc1[nH]c(\C=C2/C(=O)Nc3ccccc23)c(C)c1
GUANFACINE,NC(N)=NC(=O)Cc1c(Cl)cccc1Cl
PIRENZEPINE,CN1CCN(CC1)CC(=O)N2c3ccccc3C(=O)Nc4cccnc24
CLORINDIONE,Clc1ccc(cc1)C2C(=O)c3ccccc3C2=O
CGP-12177,CC(C)(C)NCC(O)COc1cccc2NC(=O)Nc12
SPICLOMAZINE,[H+].[Cl-].Clc1ccc2Sc3ccccc3N(CCCN4CCC5(CC4)NC(=O)CS5)c2c1
CLINAFLOXACIN,[H+].[Cl-].NC1CCN(C1)c2c(F)cc3C(=O)C(=CN(C4CC4)c3c2Cl)C(O)=O
DAPH,O=C1NC(=O)c2cc(Nc3ccccc3)c(Nc4ccccc4)cc12
ERGOCALCIFEROL,CC(C)[C@@H](C)/C=C/[C@@H](C)[C@H]1CC[C@H]2\C(CCC[C@]12C)=C\C=C3/C[C@@H](O)CCC3=C
NAFTOPIDIL,COc1ccccc1N2CCN(CC2)CC(O)COc3cccc4ccccc34
GANAXOLONE,CC(=O)[C@H]1CC[C@H]2[C@@H]3CC[C@H]4C[C@](C)(O)CC[C@]4(C)[C@H]3CC[C@]12C
4-DAMP,[I-].C[N+]1(C)CCC(CC1)OC(=O)C(c2ccccc2)c3ccccc3
PROFLAVINE,Nc1ccc2cc3ccc(N)cc3nc2c1
SPERMIDINE,NCCCCNCCCN
QUINELORANE,CCCN1CCC[C@@H]2Cc3nc(N)ncc3C[C@@H]12
CEFAZOLIN,[Na+].Cc1sc(SCC2=C(N3[C@H](SC2)[C@H](NC(=O)Cn4cnnn4)C3=O)C([O-])=O)nn1
IBUFENAC,CC(C)Cc1ccc(CC(O)=O)cc1
IMETIT,NC(=N)SCCc1[nH]cnc1
VINPOCETINE,CCOC(=O)C1=C[C@]2(CC)CCCN3CCc4c5ccccc5n1c4[C@H]23
METERGOLINE,CN1C[C@H](CNC(=O)OCc2ccccc2)C[C@H]3[C@H]1Cc4cn(C)c5cccc3c45
IODOPHTHALEIN,Oc1c(I)cc(cc1I)C2(OC(=O)c3ccccc23)c4cc(I)c(O)c(I)c4
PALMITOYL-CARNITINE,CCCCCCCCCCCCCCCC(=O)OC(CC([O-])=O)C[N+](C)(C)C
ENROFLOXACIN,CCN1CCN(CC1)c2cc3N(C=C(C(O)=O)C(=O)c3cc2F)C4CC4
MIZORIBINE,NC(=O)c1ncn(C2OC(CO)C(O)C2O)c1O
ERGOCORNINE,CC(C)[C@@H]1N2C(=O)[C@](NC(=O)[C@H]3CN(C)[C@@H]4Cc5c[nH]c6cccc(C4=C3)c56)(O[C@@]2(O)[C@@H]7CCCN7C1=O)C(C)C
MUSCARINE,C[C@@H]1O[C@@H](C[C@H]1O)C[N+](C)(C)C
CARBETAPENTANE,CCN(CC)CCOCCOC(=O)C1(CCCC1)c2ccccc2
PALIPERIDONE,CC1=C(CCN2CCC(CC2)c3noc4cc(F)ccc34)C(=O)N5CCCC(O)C5=N1
DICYCLOMINE,CCN(CC)CCOC(=O)C1(CCCCC1)C2CCCCC2
4-BENZYLOXYANILINE,Nc1ccc(OCc2ccccc2)cc1
CEPHARANTHINE,COc1ccc2C[C@H]3N(C)CCc4cc(OC)c(Oc5c6OCOc6cc7CCN(C)[C@@H](Cc8ccc(Oc1c2)cc8)c57)cc34
APAZONE,CCCC1C(=O)N2N(C1=O)C(=Nc3ccc(C)cc23)N(C)C
HYPEROSIDE,OC[C@H]1O[C@@H](OC2=C(Oc3cc(O)cc(O)c3C2=O)c4ccc(O)c(O)c4)[C@H](O)[C@@H](O)[C@H]1O
MOLINDONE,CCc1c(C)[nH]c2CCC(CN3CCOCC3)C(=O)c12
DEXBROMPHENIRAMINE,CN(C)CC[C@@H](c1ccc(Br)cc1)c2ccccn2
HERACLENOL,CC(C)(O)[C@H](O)COc1c2occc2cc3C=CC(=O)Oc13
HYPERICIN,Cc1cc(O)c2C(=O)c3c(O)cc(O)c4c5c(O)cc(O)c6C(=O)c7c(O)cc(C)c8c1c2c(c34)c(c78)c56
TALIPEXOLE,[H+].[H+].[Cl-].[Cl-].Nc1sc2CCN(CCc2n1)CC=C
EFLORNITHINE,NCCCC(N)(C(F)F)C(O)=O
SR-2640,OC(=O)c1ccccc1Nc2cccc(OCc3ccc4ccccc4n3)c2
TRYPTOPHAN,N[C@@H](Cc1c[nH]c2ccccc12)C(O)=O
DIAMIDE,CN(C)C(=O)N=NC(=O)N(C)C
YOHIMBINE,COC(=O)[C@H]1[C@@H](O)CC[C@H]2CN3CCc4c([nH]c5ccccc45)[C@@H]3C[C@H]12
CARBOXYMETHOXYLAMINE,NOCC(O)=O
SOBUZOXANE,CC(C)COC(=O)OCN1C(=O)CN(CCN2CC(=O)N(COC(=O)OCC(C)C)C(=O)C2)CC1=O
PHOSMET,CO[P](=S)(OC)SCN1C(=O)c2ccccc2C1=O
DOXYLAMINE,CN(C)CCOC(C)(c1ccccc1)c2ccccn2
FENCLONINE,NC(Cc1ccc(Cl)cc1)C(O)=O
NOMIFENSINE,CN1CC(c2ccccc2)c3cccc(N)c3C1
METHYLSELENOCYSTEINE,CN[C@@H](C[SeH])C(O)=O
AZEPEXOLE,[Cl-].[Cl-].CCN1CCc2oc(N)nc2CC1.[H+].[H+]
ACTINONIN,CCCCC[C@H](CC(=O)NO)C(=O)N[C@@H](C(C)C)C(=O)N1CCC[C@H]1CO
ERGOCRISTINE,CC(C)[C@@]1(NC(=O)[C@H]2CN(C)[C@@H]3Cc4c[nH]c5cccc(C3=C2)c45)O[C@@]6(O)[C@@H]7CCCN7C(=O)[C@H](Cc8ccccc8)N6C1=O
NARINGIN,C[C@@H]1O[C@@H](O[C@@H]2[C@@H](O)[C@H](O)[C@@H](CO)O[C@H]2Oc3cc(O)c4C(=O)C[C@H](Oc4c3)c5ccc(O)cc5)[C@H](O)[C@H](O)[C@H]1O
AP-7,NC(CCCCC[P](O)(O)=O)C(O)=O
AGROCLAVINE,CN1CC(=C[C@H]2[C@H]1Cc3c[nH]c4cccc2c34)C
BUFEXAMAC,CCCCOc1ccc(CC(=O)NO)cc1
S-NITROSOGLUTATHIONE,N[C@@H](CCC(=O)N[C@@H](CSN=O)C(=O)NCC(O)=O)C(O)=O
FOSFONET,OC(=O)C[P](O)(O)=O
PHENOTHIAZINE,N1c2ccccc2Sc3ccccc13
DOXYCYCLINE,O.C[C@@H]1[C@H]2[C@H](O)[C@H]3[C@H](N(C)C)C(=O)C(=C(N)/O)/C(=O)[C@@]3(O)C(=O)C2=C(O)c4c(O)cccc14
CROCIN,CC(=C\C=C\C=C(C)\C=C\C=C(/C)C(=O)O[C@@H]1O[C@H](CO[C@@H]2O[C@H](CO)[C@@H](O)[C@H](O)[C@H]2O)[C@@H](O)[C@H](O)[C@H]1O)/C=C/C=C(\C)C(=O)O[C@@H]3O[C@H](CO[C@@H]4O[C@H](CO)[C@@H](O)[C@H](O)[C@H]4O)[C@@H](O)[C@H](O)[C@H]3O
BENSERAZIDE,NC(CO)C(=O)NNCc1ccc(O)c(O)c1O
NOLATREXED,Cc1ccc2NC(=NC(=O)c2c1Sc3ccncc3)N
DIMETHYLPHENYLPIPERAZINIUM,CC1CNCC[N+]1(C)c2ccccc2
OLPRINONE,CC1=C(C=C(C#N)C(=O)N1)c2ccc3nccn3c2
GR-55562,[H+].[Cl-].CN(C)CCCc1cc(ccc1O)C(=O)Nc2ccc(cc2)c3ccncc3
LOMOFUNGIN,COC(=O)c1ccc(O)c2NC3=C(C=O)C(=CC(=O)C3=Nc12)O
BUFLOMEDIL,COc1cc(OC)c(C(=O)CCCN2CCCC2)c(OC)c1
CYCLOVALONE,COc1cc(ccc1O)\C=C2/CCC\C(=C/c3ccc(O)c(OC)c3)C2=O
TREQUINSIN,[H+].[Cl-].COc1cc2CCN3C(=O)N(C)C(C=C3c2cc1OC)=Nc4c(C)cc(C)cc4C
SPERMINE,NCCCNCCCCNCCCN
HOMIDIUM,CC[n+]1c2cc(N)ccc2c3ccc(N)cc3c1c4ccccc4
PORFIROMYCIN,COC12C(COC(N)=O)C3=C(N1CC4C2N4C)C(=O)C(=C(N)C3=O)C
METITEPINE,CSc1ccc2Sc3ccccc3CC(N4CCN(C)CC4)c2c1
CYSTAMINE,NCCSSCCN
OXYTETRACYCLINE,O.O.CN(C)[C@H]1[C@@H]2[C@@H](O)[C@H]3C(=C(O)c4c(O)cccc4[C@@]3(C)O)C(=O)[C@]2(O)C(=O)\C(=C(N)/O)C1=O
PAPAVERINE,COc1ccc(Cc2nccc3cc(OC)c(OC)cc23)cc1OC
THIOINOSINE,OC[C@H]1O[C@H]([C@H](S)[C@@H]1O)n2cnc3c(O)ncnc23
INDIGO,O=C1\C(Nc2ccccc12)=C\3Nc4ccccc4C3=O
BRONOPOL,OCC(Br)(CO)[N+]([O-])=O
FOMEPIZOLE,Cc1c[nH]nc1
INDOCATE,CN(C)CCOC(=O)c1ccc2n(Cc3ccccc3)c(C)c(C)c2c1
NORBINALTORPHIMINE,Oc1ccc2C[C@H]3N(CC[C@@]45[C@@H](Oc1c24)c6[nH]c7[C@@H]8Oc9c(O)ccc%10C[C@H]%11N(CC[C@@]8(c9%10)[C@@]%11(O)Cc7c6C[C@@]35O)CC%12CC%12)CC%13CC%13
CHLOROETHYLCLONIDINE,CN(CCCl)Cc1cc(Cl)c(NC2=NCCN2)c(Cl)c1
PHENELZINE,[Cl].NNCCc1ccccc1
CGP-53353,Fc1ccc(Nc2cc3C(=O)NC(=O)c3cc2Nc4ccc(F)cc4)cc1
ETAZOLATE,CCOC(=O)c1cnc2n(CC)ncc2c1NN=C(C)C
SEROTONIN,NCCc1c[nH]c2ccc(O)cc12
L-MIMOSINE,N[C@@H](CN1C=CC(=O)C(=C1)O)C(O)=O
PHENAZINE,c1ccc2nc3ccccc3nc2c1
METHOCTRAMINE,[H+].[H+].[H+].[H+].[Cl-].[Cl-].[Cl-].[Cl-].COc1ccccc1CNCCCCCCNCCCCCCCCNCCCCCCNCc2ccccc2OC
ENOXAMAST,OC(=O)C(=O)Nc1scc(n1)c2ccc3OCCOc3c2
CANAVANINE,CC(=N)NOCC[C@H](N)C(O)=O
FLUSPIRILENE,Fc1ccc(cc1)C(CCCN2CCC3(CC2)N(CNC3=O)c4ccccc4)c5ccc(F)cc5
THIOGUANOSINE,NC1=Nc2n(cnc2C(=O)N1)[C@@H]3O[C@H](CO)[C@@H](O)[C@H]3S
2-MERCAPTOBENZIMIDAZOLE,Sc1[nH]c2ccccc2n1
8-OH-DPAT,CCCN(CCC)C1CCc2cccc(O)c2C1
DIPYRITHIONE,[O-][n+]1ccccc1SSc2cccc[n+]2[O-]
IMIPRAMINE,CN(C)CCCN1c2ccccc2CCc3ccccc13
DANTHRON,Oc1cccc2C(=O)c3cccc(O)c3C(=O)c12
HISTAMINE,NCCc1c[nH]cn1
TEDISAMIL,C1CCC2(C1)C3CN(CC4CC4)CC2CN(CC5CC5)C3
CREATINE,CN(CC(O)=O)C(N)=N
GLUTATHIONE,N[C@@H](CCC(=O)N[C@@H](CS)C(=O)NCC(O)=O)C(O)=O
PIMAGEDINE,NN=C(N)N
DABELOTINE,CN1CCCc2cccc(OCC3CNCCO3)c12
EPALRESTAT,CC(=C\c1ccccc1)/C=C/2SC(=S)N(CC(O)=O)C2=O
SORBINIL,Fc1ccc2OCC[C@]3(NC(=O)NC3=O)c2c1
TECTORIGENIN,COc1c(O)cc2OC=C(C(=O)c2c1O)c3ccc(O)cc3
LIDORESTAT,O.OC(=O)Cn1cc(Cc2sc3c(F)cc(F)c(F)c3n2)c4ccccc14
ZENARESTAT,OC(=O)CN1C(=O)N(Cc2ccc(Br)cc2F)C(=O)c3ccc(Cl)cc13
URACIL,O=C1NC=CC(=O)N1
RANIRESTAT,Fc1cc(Br)ccc1CN2C(=O)c3cccn3[C@@]4(CC(=O)NC4=O)C2=O
OXILOFRINE,CNC(C)C(O)c1ccc(O)cc1
DOBUTAMINE,CC(CCc1ccc(O)cc1)NCCc2ccc(O)c(O)c2
TRIACETIN,CC(=O)OCC(COC(C)=O)OC(C)=O
CLIOXANIDE,CC(=O)Oc1c(I)cc(I)cc1C(=O)Nc2ccc(Cl)cc2
ETOCARLIDE,CCOc1ccc(NC(=S)Nc2ccc(OCC)cc2)cc1
COLFORSIN,CC(=O)O[C@H]1[C@@H](O)[C@H]2C(C)(C)CC[C@H](O)[C@]2(C)[C@@]3(O)C(=O)C[C@@](C)(O[C@]13C)C=C
MIRTAZAPINE,CN1CCN2C(C1)c3ccccc3Cc4cccnc24
NEFAZODONE,[H+].[Cl-].CCC1=NN(CCCN2CCN(CC2)c3cccc(Cl)c3)C(=O)N1CCOc4ccccc4
ESCITALOPRAM,CN(C)CCC[C@]1(OCc2cc(ccc12)C#N)c3ccc(F)cc3
TENONITROZOLE,[O-][N+](=O)c1sc(NC(=O)c2sccc2)nc1
DROMETRIZOLE,Cc1ccc(O)c(c1)n2nc3ccccc3n2
ILEPCIMIDE,O=C(/C=C/c1ccc2OCOc2c1)N3CCCCC3
"3,5-DIPHENYLISOXAZOLE",o1nc(cc1c2ccccc2)c3ccccc3
"CHOLESTAN-3BETA,5ALPHA,6BETA-TRIOL",CC(C)CCC[C@@H](C)[C@H]1CC[C@H]2[C@@H]3C[C@@H](O)[C@@]4(O)C[C@@H](O)CC[C@]4(C)[C@H]3CC[C@]12C
6-HYDROXYFLAVONE,Oc1ccc2OC(=CC(=O)c2c1)c3ccccc3
PIPERINE,O=C(/C=C/C=C/c1ccc2OCOc2c1)N3CCCCC3
PECTOLINARIGENIN,COc1ccc(cc1)C2=CC(=O)c3c(O)c(OC)c(O)cc3O2
PIFEXOLE,Clc1ccccc1c2onc(n2)c3ccncc3
2-(PHENOXYMETHYL)BENZOTHIAZOLE,C(Oc1ccccc1)c2sc3ccccc3n2
DINALINE,Nc1ccc(cc1)C(=O)Nc2ccccc2N
BIOCHANIN,COc1ccc(cc1)C2=COc3cc(O)cc(O)c3C2=O
NORELGESTROMIN,CC[C@]12CC[C@H]3[C@@H](CCC4=CC(/CC[C@H]34)=N/O)[C@@H]1CC[C@@]2(O)C#C
GUAIACOL,COc1ccccc1O
ANILINE,Nc1ccccc1
SILVER,[Ag]
PYRIDOSTIGMINE,CN(C)C(=O)Oc1ccc[n+](C)c1
NAPROXEN,COc1ccc2cc(ccc2c1)C(C)C(O)=O
IODIPAMIDE,OC(=O)c1c(I)cc(I)c(NC(=O)CCCCC(=O)Nc2c(I)cc(I)c(C(O)=O)c2I)c1I
EPIGALLOCATECHIN,O[C@@H]1Cc2c(O)cc(O)cc2O[C@@H]1c3cc(O)c(O)c(O)c3
ERTIPROTAFIB,Cc1sc2c(Br)c3ccccc3c(c4cc(C)c(O[C@H](Cc5ccccc5)C(O)=O)c(C)c4)c2c1C
ISOBAVACHALCONE,CC(C)=CCc1c(O)ccc(c1O)C(=O)/C=C/c2ccc(O)cc2
ANETHOLTRITHION,COc1ccc(cc1)C2=CC(=S)SS2
ALDISIN,O=C1CCNC(=O)c2[nH]ccc12
TRODUSQUEMINE,CC(C)[C@@H](CC[C@@H](C)[C@H]1CC[C@H]2[C@@H]3[C@H](O)C[C@H]4C[C@H](CC[C@]4(C)[C@H]3CC[C@]12C)NCCCNCCCCNCCCN)O[S](O)(=O)=O
LICOAGRONE,CC(C)=CCc1cc(ccc1O)C(=O)C2(Oc3cc(O)c(CC=C(C)C)cc3C2=O)c4cc(O)c(O)cc4/C=C/5Oc6c(CC=C(C)C)c(O)ccc6C5=O
GLISOFLAVONE,COc1cc(O)cc2OC=C(C(=O)c12)c3cc(O)c(O)c(CC=C(C)C)c3
LICOAGRODIN,CC(C)=CCc1cc(ccc1O)[C@]23Oc4cc(O)c(CC=C(C)C)cc4C(=O)[C@H]2[C@H]5c6ccc(O)cc6OC7Oc8c(CC=C(C)C)c(O)ccc8[C@]57O3
ERITADENINE,Nc1ncnc2n(C[C@@H](O)[C@@H](O)C(O)=O)cnc12
UBIDECARENONE,COC1=C(OC)C(=O)C(=C(C)C1=O)C\C=C(C)\CC\C=C(C)\CC\C=C(C)\CC\C=C(C)\CC\C=C(C)\CC\C=C(C)\CC\C=C(C)\CC\C=C(C)\CC\C=C(C)\CCC=C(C)C
CARBOXIN,CC1=C(SCCO1)C(=O)Nc2ccccc2
MYXOTHIAZOL,CO[C@@H](/C=C/c1csc(n1)c2csc(n2)C(C)\C=C\C=C\C(C)C)[C@@H](C)\C(OC)=C/C(N)=O
DACARBAZINE,CN(C)N\N=C/1N=CN=C1C(N)=O
NALTREXONE,Oc1ccc2C[C@H]3N(CC[C@@]45[C@@H](Oc1c24)C(=O)CC[C@@]35O)CC6CC6
OXYTOCIN,CC[C@H](C)[C@@H]1NC(=O)[C@H](Cc2ccc(O)cc2)NC(=O)[C@@H](N)CSSC[C@H](NC(=O)[C@H](CC(N)=O)NC(=O)[C@H](CCC(N)=O)NC1=O)C(=O)N3CCC[C@H]3C(=O)N[C@@H](CC(C)C)C(=O)NCC(N)=O
PROCARBAZINE,CNNCc1ccc(cc1)C(=O)NC(C)C
SULFORAPHANE,C[S](=O)CCCCN=C=S
ANDROSTANOLONE,C[C@]12CC[C@H]3[C@@H](CC[C@H]4CC(=O)CC[C@]34C)[C@@H]1CC[C@@H]2O
BICALUTAMIDE,CC(O)(C[S](=O)(=O)c1ccc(F)cc1)C(=O)Nc2ccc(C#N)c(c2)C(F)(F)F
"2,4-DIHYDROXYBENZOPHENONE",Oc1ccc(c(O)c1)C(=O)c2ccccc2
BIOALLETHRIN,CC(C)=CC1C(C(=O)OC2CC(=O)C(=C2C)CC=C)C1(C)C
ZICONOTIDE,CSCCC1NC(=O)C(CC(C)C)NC(=O)C(CCCNC(N)=N)NC(=O)C(CO)NC(=O)C2CSSCC3NC(=O)C(CO)NC(=O)CNC(=O)C(NC(=O)C(CSSCC(N)C(=O)NC(CCCCN)C(=O)NCC(=O)NC(CCCCN)C(=O)NCC(=O)NC(C)C(=O)NC(CCCCN)C(=O)N2)NC(=O)C(CSSCC(NC(=O)C(CCCCN)NC(=O)CNC(=O)C(CO)NC(=O)C(CCCNC(N)=N)NC3=O)C(N)=O)NC(=O)C(CC(O)=O)NC(=O)C(Cc4ccc(O)cc4)NC1=O)C(C)O
DOTARIZINE,C(CN1CCN(CC1)C(c2ccccc2)c3ccccc3)CC4(OCCO4)c5ccccc5
GABAPENTIN,NCC1(CCCCC1)CC(O)=O
PREGABALIN,CC(C)C[C@H](CN)CC(O)=O
EGLUMEGAD,O.N[C@]1(CC[C@H]2[C@@H]([C@@H]12)C(O)=O)C(O)=O
BETA-NAPHTHOFLAVONE,O=C1C=C(Oc2ccc3ccccc3c12)c4ccccc4
AMIKACIN,NCC[C@H](O)C(=O)N[C@@H]1C[C@H](N)[C@@H](O[C@H]2O[C@H](CN)[C@@H](O)[C@H](O)[C@H]2O)[C@H](O)[C@H]1O[C@H]3O[C@H](CO)[C@@H](O)[C@H](N)[C@H]3O
TALABOSTAT,CC(C)[C@H](N)C(=O)N1CCC[C@H]1B(O)O
AMPHETAMINE,CC(N)Cc1ccccc1
TAZAROTENE,CCOC(=O)c1ccc(nc1)C#Cc2ccc3SCCC(C)(C)c3c2
APIXABAN,COc1ccc(cc1)n2nc(C(N)=O)c3CCN(C(=O)c23)c4ccc(cc4)N5CCCCC5=O
RIVAROXABAN,Clc1sc(cc1)C(=O)NCC2CN(C(=O)O2)c3ccc(cc3)N4CCOCC4=O
TIROFIBAN,CCCC[S](=O)(=O)N[C@@H](Cc1ccc(OCCCCC2CCNCC2)cc1)C(O)=O
EPTIFIBATIDE,NC(N)=NCCCCC1NC(=O)CCSSCC(NC(=O)C2CCCN2C(=O)C(Cc3c[nH]c4ccccc34)NC(=O)C(CC(O)=O)NC(=O)CNC1=O)C(N)=O
WEDELOLACTONE,COc1cc(O)c2c(OC(=O)c3c2oc4cc(O)c(O)cc34)c1
SUCCINOBUCOL,CC(C)(C)c1cc(SC(C)(C)Sc2cc(c(OC(=O)CCC(O)=O)c(c2)C(C)(C)C)C(C)(C)C)cc(c1O)C(C)(C)C
AFIMOXIFENE,CC/C(c1ccccc1)=C(c2ccc(O)cc2)/c3ccc(OCCN(C)C)cc3
HALOPEMIDE,Fc1ccc(cc1)C(=O)NCCN2CCC(CC2)N3C(=O)Nc4cc(Cl)ccc34
CHOLINE,C[N+](C)(C)CCO
RUBOXISTAURIN,CN(C)C[C@@H]1CCn2cc(c3ccccc23)C4=C(C(=O)NC4=O)c5cn(CCO1)c6ccccc56
TRIFLUOROMETHANESULFONAMIDE,N[S](=O)(=O)C(F)(F)F
SULFAMYLON,CC(O)=O.NCc1ccc(cc1)[S](N)(=O)=O
DICHLORPHENAMIDE,N[S](=O)(=O)c1cc(Cl)c(Cl)c(c1)[S](N)(=O)=O
ZONISAMIDE,N[S](=O)(=O)Cc1noc2ccccc12
TOPIRAMATE,CC1(C)O[C@@H]2CO[C@@]3(CO[S](N)(=O)=O)OC(C)(C)O[C@H]3[C@@H]2O1
BENZTHIAZIDE,N[S](=O)(=O)c1cc2c(NC(=N[S]2(=O)=O)CSCc3ccccc3)cc1Cl
ETHOXZOLAMIDE,CCOc1ccc2nc(sc2c1)[S](N)(=O)=O
OXAZEPAM,OC1N=C(c2ccccc2)c3cc(Cl)ccc3NC1=O
PHENOLPHTHALEIN,Oc1ccc(cc1)C2(OC(=O)c3ccccc23)c4ccc(O)cc4
2-MERCAPTOPYRIDINE,Sc1ccccn1
O-BENZYL-L-SERINE,N[C@@H](COCc1ccccc1)C(O)=O
DIAPLASININ,CCCCCc1c2ccccc2n(Cc3ccccc3)c1c4ccc5cc(OCc6n[nH]nn6)ccc5c4
URIDINE,OC[C@H]1O[C@H]([C@H](O)[C@@H]1O)N2C=CC(=O)NC2=O
PREMARIN,[Na+].C[C@]12CC[C@H]3[C@@H](CCc4cc(O[S]([O-])(=O)=O)ccc34)[C@@H]1CCC2=O
NIMODIPINE,COCCOC(=O)C1=C(C)NC(=C(C1c2cccc(c2)[N+]([O-])=O)C(=O)OC(C)C)C
TIPLASININ,OC(=O)C(=O)c1cn(Cc2ccccc2)c3ccc(cc13)c4ccc(OC(F)(F)F)cc4
LEVOTHYROXINE,NC(Cc1cc(I)c(Oc2cc(I)c(O)c(I)c2)c(I)c1)C(O)=O
DULOXETINE,CNCCC(Oc1cccc2ccccc12)c3sccc3
OLOPATADINE,CN(C)CC\C=C1/c2ccccc2COc3ccc(CC(O)=O)cc13
VALINE,CC(C)[C@H](N)C(O)=O
DEXIBUPROFEN,CC(C)Cc1ccc(cc1)[C@H](C)C(O)=O
TRICIRIBINE,CN1N=C(N)c2cn([C@@H]3O[C@H](CO)[C@@H](O)[C@H]3O)c4ncnc1c24
ALANINE,C[C@H](N)C(O)=O
CHITODEXTRIN,CC(=O)NC1C(O)OC(CO)C(OC2OC(CO)C(O)C(O)C2NC(C)=O)C1O
CILENGITIDE,CC(C)[C@@H]1N(C)C(=O)[C@@H](Cc2ccccc2)NC(=O)[C@H](CC(O)=O)NC(=O)CNC(=O)[C@H](CCCN=C(N)N)NC1=O
AXITINIB,CNC(=O)c1ccccc1Sc2ccc3c([nH]nc3\C=C\c4ccccn4)c2
INDINAVIR,CC(C)(C)NC(=O)[C@@H]1CN(CCN1C[C@@H](O)C[C@@H](Cc2ccccc2)C(=O)N[C@@H]3[C@H](O)Cc4ccccc34)Cc5cccnc5
ARFORMOTEROL,COc1ccc(C[C@@H](C)NC[C@H](O)c2ccc(O)c(NC=O)c2)cc1
LOSARTAN,CCCCc1nc(Cl)c(CO)n1Cc2ccc(cc2)c3ccccc3c4n[nH]nn4
INDACATEROL,CCc1cc2CC(Cc2cc1CC)NCC(O)c3ccc(O)c4NC(=O)C=Cc34
CEFOPERAZONE,CCN1CCN(C(=O)N[C@@H](C(=O)N[C@H]2[C@H]3SCC(=C(N3C2=O)C(O)=O)CSc4nnnn4C)c5ccc(O)cc5)C(=O)C1=O
NEVIRAPINE,Cc1ccnc2N(C3CC3)c4ncccc4C(=O)Nc12
CEPHRADINE,CC1=C(N2[C@H](SC1)[C@H](NC(=O)[C@H](N)C3=CCC=CC3)C2=O)C(O)=O
DELAVIRDINE,CC(C)Nc1cccnc1N2CCN(CC2)C(=O)c3[nH]c4ccc(N[S](C)(=O)=O)cc4c3
PITAVASTATIN,OC(CC(O)/C=C/c1c(nc2ccccc2c1c3ccc(F)cc3)C4CC4)CC(O)=O
RIMONABANT,Cc1c(nn(c2ccc(Cl)cc2Cl)c1c3ccc(Cl)cc3)C(=O)NN4CCCCC4
TACROLIMUS,CO[C@@H]1C[C@@H](CC[C@H]1O)/C=C(C)/[C@H]2OC(=O)[C@@H]3CCCCN3C(=O)C(=O)[C@]4(O)O[C@H]([C@H](C[C@@H](C)CC(=C/[C@@H](CC=C)C(=O)C[C@H](O)[C@H]2C)/C)OC)[C@H](C[C@H]4C)OC
CEFOXITIN,CO[C@]1(NC(=O)Cc2sccc2)[C@H]3SCC(=C(N3C1=O)C(O)=O)COC(N)=O
CEFADROXIL,CC1=C(N2[C@H](SC1)[C@H](NC(=O)[C@H](N)c3ccc(O)cc3)C2=O)C(O)=O
TALINOLOL,CC(C)(C)NCC(O)COc1ccc(NC(=O)NC2CCCCC2)cc1
LOPINAVIR,CC(C)[C@H](N1CCCNC1=O)C(=O)N[C@H](C[C@H](O)[C@H](Cc2ccccc2)NC(=O)COc3c(C)cccc3C)Cc4ccccc4
EMTRICITABINE,NC1=NC(=O)N(C=C1F)[C@@H]2CS[C@H](CO)O2
ATAZANAVIR,COC(=O)N[C@H](C(=O)N[C@@H](Cc1ccccc1)[C@@H](O)CN(Cc2ccc(cc2)c3ccccn3)NC(=O)[C@@H](NC(=O)OC)C(C)(C)C)C(C)(C)C
CEFMETAZOLE,CO[C@]1(NC(=O)CSCC#N)[C@H]2SCC(=C(N2C1=O)C(O)=O)CSc3nnnn3C
CEFAMANDOLE,Cn1nnnc1SCC2=C(N3[C@H](SC2)[C@H](NC(=O)[C@H](O)c4ccccc4)C3=O)C(O)=O
ROSUVASTATIN,CC(C)c1nc(nc(c2ccc(F)cc2)c1CC[C@@H](O)C[C@@H](O)CC(O)=O)N(C)[S](C)(=O)=O
CEFUROXIME,CO/N=C(C(=O)N[C@H]1[C@H]2SCC(=C(N2C1=O)C(O)=O)COC(N)=O)/c3occc3
FLUINDIONE,Fc1ccc(cc1)C2C(=O)c3ccccc3C2=O
PHENPROCOUMON,CCC(c1ccccc1)C2=C(O)Oc3ccccc3C2=O
CYSTINE,N[C@@H](CSSC[C@H](N)C(O)=O)C(O)=O
PRALATREXATE,Nc1nc(N)c2nc(CC(CC#C)c3ccc(cc3)C(=O)N[C@@H](CCC(O)=O)C(O)=O)cnc2n1
PHENTOLAMINE,Cc1ccc(cc1)N(CC2=NCCN2)c3cccc(O)c3
CARBOGEN,O=O.O=C=O
ENILURACIL,O=C1NC=C(C#C)C(=O)N1
DOXIFLURIDINE,C[C@H]1O[C@H]([C@H](O)[C@@H]1O)N2C=C(F)C(=O)NC2=O
PLATINUM,[Pt]
TEGAFUR,FC1=CN(C2CCCO2)C(=O)NC1=O
PHENETHYLAMINE,NCCc1ccccc1
CAMOSTAT,CN(C)C(=O)COC(=O)Cc1ccc(OC(=O)c2ccc(cc2)N=C(N)N)cc1
PHOSPHORYLISOPROPANE,CC(C)O[P](O)(O)=O
4-PHENYL-BUTYLAMINE,NCCCCc1ccccc1
ULINASTATIN,C1CC2(COC(OC2)c3occc3)CC=C1
BENZAMIDINE,NC(=N)c1ccccc1
BENZYLAMINE,NCc1ccccc1
METHOXYFLURANE,COC(F)(F)C(Cl)Cl
SEVOFLURANE,FCOC(C(F)(F)F)C(F)(F)F
DESFLURANE,FC(F)OC(F)C(F)(F)F
BENZIMIDAZOLE,[nH]1cnc2ccccc12
"1,4-BUTANEDIOL",OCCCCO
KIFUNENSINE,OC[C@@H]1[C@@H](O)[C@H](O)[C@H](O)[C@H]2NC(=O)C(=O)N12
